tid,cid,did,region,name,abbrev,imgURL,budget,strategy,depth,colors,jersey,pop,stadiumCapacity,retiredJerseyNumbers,adjustForInflation,disabled,keepRosterSorted,seasons,stats
0,0,1,Baltimore,Crabs,BAL,/img/logos/BAL.png,"{'ticketPrice': {'amount': 42.32, 'rank': 19}, 'scouting': {'amount': 15380, 'rank': 19}, 'coaching': {'amount': 15380, 'rank': 19}, 'health': {'amount': 15380, 'rank': 19}, 'facilities': {'amount': 15380, 'rank': 19}}",rebuilding,"{'F': [696, 252, 291, 347, 313, 834, 610, 625, 17, 667, 442, 735, 537, 398, 733, 559, 478, 513, 148, 80, 213, 702, 370, 720], 'D': [478, 513, 398, 80, 559, 148, 252, 213, 291, 442, 313, 834, 347, 667, 625, 17, 696, 735, 610, 733, 537, 370, 720, 702], 'G': [370, 702, 720, 834, 735, 347, 148, 478, 667, 610, 442, 398, 80, 17, 733, 696, 625, 559, 537, 513, 313, 291, 252, 213]}","['#89bfd3', '#7a1319', '#07364f']",hockey,2.7,17500,[],True,False,True,"[{'tid': 0, 'cid': 0, 'did': 1, 'region': 'Baltimore', 'name': 'Crabs', 'abbrev': 'BAL', 'imgURL': '/img/logos/BAL.png', 'colors': ['#89bfd3', '#7a1319', '#07364f'], 'jersey': 'hockey', 'season': 2021, 'gp': 47, 'gpHome': 22, 'att': 385000, 'cash': 24242.66304894866, 'won': 16, 'lost': 25, 'tied': 0, 'otl': 6, 'wonHome': 7, 'lostHome': 13, 'tiedHome': 0, 'otlHome': 2, 'wonAway': 9, 'lostAway': 12, 'tiedAway': 0, 'otlAway': 4, 'wonDiv': 2, 'lostDiv': 5, 'tiedDiv': 0, 'otlDiv': 2, 'wonConf': 5, 'lostConf': 15, 'tiedConf': 0, 'otlConf': 4, 'lastTen': [0, 0, 0, 0, 0, 0, 0, 1, 1, 0], 'streak': -7, 'playoffRoundsWon': -1, 'hype': 0.5185202883501696, 'pop': 2.7, 'stadiumCapacity': 17500, 'revenues': {'luxuryTaxShare': {'amount': 0, 'rank': 1}, 'merch': {'amount': 3656.6328515171613, 'rank': 17}, 'sponsor': {'amount': 12188.776171723872, 'rank': 17}, 'ticket': {'amount': 34586.07947999999, 'rank': 16}, 'nationalTv': {'amount': 15666.666666666677, 'rank': 8}, 'localTv': {'amount': 12188.776171723872, 'rank': 17}}, 'expenses': {'salary': {'amount': 28782.80487804876, 'rank': 26}, 'luxuryTax': {'amount': 0, 'rank': 1}, 'minTax': {'amount': 0, 'rank': 1}, 'scouting': {'amount': 8815.365853658546, 'rank': 19}, 'coaching': {'amount': 8815.365853658546, 'rank': 19}, 'health': {'amount': 8815.365853658546, 'rank': 19}, 'facilities': {'amount': 8815.365853658546, 'rank': 19}}, 'payrollEndOfSeason': -1, 'ownerMood': {'wins': 0, 'playoffs': 0, 'money': 0}, 'numPlayersTradedAway': 0, 'rid': 0}]","[{'playoffs': False, 'season': 2021, 'tid': 0, 'so': 1, 'oppQs': 0, 'oppRbs': 0, 'oppSo': 12, 'gp': 47, 'min': 17133.12496596922, 'pts': 106, 'pim': 315, 'evG': 68, 'ppG': 38, 'shG': 0, 'evA': 118, 'ppA': 68, 'shA': 0, 's': 1250, 'tsa': 1935, 'fow': 785, 'fol': 868, 'blk': 581, 'hit': 802, 'tk': 296, 'gv': 543, 'sv': 1378, 'ppo': 199, 'oppPts': 154, 'oppPim': 413, 'oppEvG': 105, 'oppPpG': 46, 'oppShG': 3, 'oppEvA': 179, 'oppPpA': 81, 'oppShA': 6, 'oppS': 1532, 'oppTsa': 2351, 'oppFow': 868, 'oppFol': 785, 'oppBlk': 507, 'oppHit': 968, 'oppTk': 354, 'oppGv': 424, 'oppSv': 1144, 'oppPpo': 150, 'rid': 26}]"
1,0,0,Boston,Massacre,BOS,/img/logos/BOS.png,"{'ticketPrice': {'amount': 52.35, 'rank': 5}, 'scouting': {'amount': 18990, 'rank': 5}, 'coaching': {'amount': 18990, 'rank': 5}, 'health': {'amount': 18990, 'rank': 5}, 'facilities': {'amount': 18990, 'rank': 5}}",rebuilding,"{'F': [322, 246, 457, 404, 594, 117, 771, 462, 726, 505, 715, 70, 118, 611, 632, 668, 558, 546, 842, 90, 289, 332, 369], 'D': [546, 632, 558, 842, 668, 90, 246, 70, 457, 117, 594, 462, 322, 726, 505, 715, 404, 771, 118, 611, 289, 369, 332], 'G': [332, 289, 369, 715, 546, 322, 558, 457, 117, 632, 118, 90, 842, 771, 726, 668, 611, 594, 505, 462, 404, 246, 70]}","['#0d435e', '#f0494a', '#cccccc']",hockey,7.3,17500,[],True,False,True,"[{'tid': 1, 'cid': 0, 'did': 0, 'region': 'Boston', 'name': 'Massacre', 'abbrev': 'BOS', 'imgURL': '/img/logos/BOS.png', 'colors': ['#0d435e', '#f0494a', '#cccccc'], 'jersey': 'hockey', 'season': 2021, 'gp': 47, 'gpHome': 23, 'att': 391922, 'cash': 27074.9878654121, 'won': 24, 'lost': 17, 'tied': 0, 'otl': 6, 'wonHome': 15, 'lostHome': 6, 'tiedHome': 0, 'otlHome': 2, 'wonAway': 9, 'lostAway': 11, 'tiedAway': 0, 'otlAway': 4, 'wonDiv': 4, 'lostDiv': 5, 'tiedDiv': 0, 'otlDiv': 0, 'wonConf': 9, 'lostConf': 10, 'tiedConf': 0, 'otlConf': 3, 'lastTen': [1, 1, 0, 1, 0, 0, 'OTL', 1, 'OTL', 1], 'streak': 2, 'playoffRoundsWon': -1, 'hype': 0.26157389645403534, 'pop': 7.3, 'stadiumCapacity': 17500, 'revenues': {'luxuryTaxShare': {'amount': 0, 'rank': 1}, 'merch': {'amount': 3850.215982296595, 'rank': 15}, 'sponsor': {'amount': 12834.053274321988, 'rank': 15}, 'ticket': {'amount': 38931.21817999999, 'rank': 4}, 'nationalTv': {'amount': 15666.666666666677, 'rank': 8}, 'localTv': {'amount': 12834.053274321988, 'rank': 15}}, 'expenses': {'salary': {'amount': 23503.170731707305, 'rank': 31}, 'luxuryTax': {'amount': 0, 'rank': 1}, 'minTax': {'amount': 0, 'rank': 1}, 'scouting': {'amount': 10884.512195121952, 'rank': 5}, 'coaching': {'amount': 10884.512195121952, 'rank': 5}, 'health': {'amount': 10884.512195121952, 'rank': 5}, 'facilities': {'amount': 10884.512195121952, 'rank': 5}}, 'payrollEndOfSeason': -1, 'ownerMood': {'wins': 0, 'playoffs': 0, 'money': 0}, 'numPlayersTradedAway': 2.7361381759331027, 'rid': 1}]","[{'playoffs': False, 'season': 2021, 'tid': 1, 'so': 5, 'oppQs': 0, 'oppRbs': 0, 'oppSo': 3, 'gp': 47, 'min': 17538.414652459753, 'pts': 130, 'pim': 363, 'evG': 80, 'ppG': 48, 'shG': 2, 'evA': 142, 'ppA': 86, 'shA': 4, 's': 1363, 'tsa': 2119, 'fow': 864, 'fol': 826, 'blk': 570, 'hit': 874, 'tk': 293, 'gv': 479, 'sv': 1391, 'ppo': 166, 'oppPts': 128, 'oppPim': 338, 'oppEvG': 90, 'oppPpG': 38, 'oppShG': 0, 'oppEvA': 167, 'oppPpA': 67, 'oppShA': 0, 'oppS': 1519, 'oppTsa': 2308, 'oppFow': 826, 'oppFol': 864, 'oppBlk': 582, 'oppHit': 983, 'oppTk': 357, 'oppGv': 396, 'oppSv': 1233, 'oppPpo': 176, 'rid': 11}]"
2,0,1,Brooklyn,Bagels,BKN,/img/logos/BKN.png,"{'ticketPrice': {'amount': 54.86, 'rank': 1.5}, 'scouting': {'amount': 19890, 'rank': 1.5}, 'coaching': {'amount': 19890, 'rank': 1.5}, 'health': {'amount': 19890, 'rank': 1.5}, 'facilities': {'amount': 19890, 'rank': 1.5}}",contending,"{'F': [261, 266, 472, 339, 103, 77, 35, 150, 616, 525, 132, 176, 141, 759, 429, 400, 377, 498, 694, 622, 544, 316, 130], 'D': [622, 429, 498, 377, 694, 400, 266, 176, 472, 77, 261, 103, 525, 132, 759, 616, 150, 35, 339, 141, 544, 316, 130], 'G': [316, 544, 130, 498, 35, 616, 339, 266, 261, 141, 622, 132, 759, 694, 525, 472, 429, 400, 377, 176, 150, 103, 77]}","['#034757', '#67c7e9', '#b78254']",hockey,21.5,17500,[],True,False,True,"[{'tid': 2, 'cid': 0, 'did': 1, 'region': 'Brooklyn', 'name': 'Bagels', 'abbrev': 'BKN', 'imgURL': '/img/logos/BKN.png', 'colors': ['#034757', '#67c7e9', '#b78254'], 'jersey': 'hockey', 'season': 2021, 'gp': 48, 'gpHome': 26, 'att': 455000, 'cash': 35863.92585131598, 'won': 22, 'lost': 19, 'tied': 0, 'otl': 7, 'wonHome': 14, 'lostHome': 8, 'tiedHome': 0, 'otlHome': 4, 'wonAway': 8, 'lostAway': 11, 'tiedAway': 0, 'otlAway': 3, 'wonDiv': 8, 'lostDiv': 5, 'tiedDiv': 0, 'otlDiv': 0, 'wonConf': 13, 'lostConf': 11, 'tiedConf': 0, 'otlConf': 6, 'lastTen': [1, 'OTL', 'OTL', 'OTL', 1, 1, 0, 'OTL', 0, 1], 'streak': 1, 'playoffRoundsWon': -1, 'hype': 0.3415267651741283, 'pop': 21.5, 'stadiumCapacity': 17500, 'revenues': {'luxuryTaxShare': {'amount': 0, 'rank': 1}, 'merch': {'amount': 7770.049667940521, 'rank': 1}, 'sponsor': {'amount': 20423.666666666664, 'rank': 1}, 'ticket': {'amount': 41039.73107, 'rank': 1}, 'nationalTv': {'amount': 16000.000000000011, 'rank': 1}, 'localTv': {'amount': 26703.039422318547, 'rank': 4}}, 'expenses': {'salary': {'amount': 39500.85365853656, 'rank': 12}, 'luxuryTax': {'amount': 0, 'rank': 1}, 'minTax': {'amount': 0, 'rank': 1}, 'scouting': {'amount': 11642.926829268305, 'rank': 1}, 'coaching': {'amount': 11642.926829268305, 'rank': 1}, 'health': {'amount': 11642.926829268305, 'rank': 1}, 'facilities': {'amount': 11642.926829268305, 'rank': 1}}, 'payrollEndOfSeason': -1, 'ownerMood': {'wins': 0, 'playoffs': 0, 'money': 0}, 'numPlayersTradedAway': 1.3040959727716541, 'rid': 2}]","[{'playoffs': False, 'season': 2021, 'tid': 2, 'so': 3, 'oppQs': 0, 'oppRbs': 0, 'oppSo': 6, 'gp': 48, 'min': 17387.65477928551, 'pts': 128, 'pim': 330, 'evG': 83, 'ppG': 45, 'shG': 0, 'evA': 151, 'ppA': 80, 'shA': 0, 's': 1455, 'tsa': 2182, 'fow': 886, 'fol': 881, 'blk': 540, 'hit': 894, 'tk': 319, 'gv': 410, 'sv': 1373, 'ppo': 175, 'oppPts': 125, 'oppPim': 380, 'oppEvG': 90, 'oppPpG': 33, 'oppShG': 2, 'oppEvA': 157, 'oppPpA': 58, 'oppShA': 3, 'oppS': 1498, 'oppTsa': 2232, 'oppFow': 881, 'oppFol': 886, 'oppBlk': 553, 'oppHit': 949, 'oppTk': 308, 'oppGv': 402, 'oppSv': 1327, 'oppPpo': 159, 'rid': 21}]"
3,0,1,Charlotte,Queens,CHA,/img/logos/CHA.png,"{'ticketPrice': {'amount': 34.08, 'rank': 30.5}, 'scouting': {'amount': 12410, 'rank': 30.5}, 'coaching': {'amount': 12410, 'rank': 30.5}, 'health': {'amount': 12410, 'rank': 30.5}, 'facilities': {'amount': 12410, 'rank': 30.5}}",rebuilding,"{'F': [251, 662, 626, 467, 562, 83, 147, 169, 713, 142, 688, 977, 539, 285, 426, 319, 424, 789, 40, 68, 86, 506, 393, 338], 'D': [319, 426, 424, 285, 40, 789, 977, 68, 86, 562, 626, 662, 251, 169, 467, 147, 713, 83, 688, 142, 539, 506, 393, 338], 'G': [393, 338, 506, 169, 713, 562, 147, 40, 688, 977, 789, 662, 626, 539, 467, 426, 424, 319, 285, 251, 142, 86, 83, 68]}","['#009e87', '#541f3e', '#f9f9f9']",hockey,1.5,17500,[],True,False,True,"[{'tid': 3, 'cid': 0, 'did': 1, 'region': 'Charlotte', 'name': 'Queens', 'abbrev': 'CHA', 'imgURL': '/img/logos/CHA.png', 'colors': ['#009e87', '#541f3e', '#f9f9f9'], 'jersey': 'hockey', 'season': 2021, 'gp': 47, 'gpHome': 23, 'att': 398620, 'cash': 20391.484823551255, 'won': 18, 'lost': 27, 'tied': 0, 'otl': 2, 'wonHome': 10, 'lostHome': 13, 'tiedHome': 0, 'otlHome': 0, 'wonAway': 8, 'lostAway': 14, 'tiedAway': 0, 'otlAway': 2, 'wonDiv': 6, 'lostDiv': 3, 'tiedDiv': 0, 'otlDiv': 1, 'wonConf': 9, 'lostConf': 9, 'tiedConf': 0, 'otlConf': 1, 'lastTen': [0, 1, 1, 1, 1, 0, 0, 0, 1, 1], 'streak': -1, 'playoffRoundsWon': -1, 'hype': 0, 'pop': 1.5, 'stadiumCapacity': 17500, 'revenues': {'luxuryTaxShare': {'amount': 0, 'rank': 1}, 'merch': {'amount': 2716.6649433158054, 'rank': 32}, 'sponsor': {'amount': 9055.54981105268, 'rank': 32}, 'ticket': {'amount': 31407.907250000015, 'rank': 30}, 'nationalTv': {'amount': 15666.666666666677, 'rank': 8}, 'localTv': {'amount': 9055.54981105268, 'rank': 32}}, 'expenses': {'salary': {'amount': 29058.65853658535, 'rank': 25}, 'luxuryTax': {'amount': 0, 'rank': 1}, 'minTax': {'amount': 0, 'rank': 1}, 'scouting': {'amount': 7113.0487804878, 'rank': 30}, 'coaching': {'amount': 7113.0487804878, 'rank': 30}, 'health': {'amount': 7113.0487804878, 'rank': 30}, 'facilities': {'amount': 7113.0487804878, 'rank': 30}}, 'payrollEndOfSeason': -1, 'ownerMood': {'wins': 0, 'playoffs': 0, 'money': 0}, 'numPlayersTradedAway': 0.5205257138759787, 'rid': 3}]","[{'playoffs': False, 'season': 2021, 'tid': 3, 'so': 0, 'oppQs': 0, 'oppRbs': 0, 'oppSo': 3, 'gp': 47, 'min': 17559.097083356144, 'pts': 121, 'pim': 360, 'evG': 77, 'ppG': 43, 'shG': 1, 'evA': 130, 'ppA': 73, 'shA': 2, 's': 1367, 'tsa': 2075, 'fow': 892, 'fol': 884, 'blk': 551, 'hit': 877, 'tk': 331, 'gv': 528, 'sv': 1420, 'ppo': 169, 'oppPts': 158, 'oppPim': 349, 'oppEvG': 110, 'oppPpG': 47, 'oppShG': 1, 'oppEvA': 201, 'oppPpA': 89, 'oppShA': 2, 'oppS': 1578, 'oppTsa': 2297, 'oppFow': 884, 'oppFol': 892, 'oppBlk': 522, 'oppHit': 937, 'oppTk': 346, 'oppGv': 437, 'oppSv': 1246, 'oppPpo': 172, 'rid': 23}]"
4,1,2,Chicago,Whirlwinds,CHI,/img/logos/CHI.png,"{'ticketPrice': {'amount': 53.07, 'rank': 4}, 'scouting': {'amount': 19250, 'rank': 4}, 'coaching': {'amount': 19250, 'rank': 4}, 'health': {'amount': 19250, 'rank': 4}, 'facilities': {'amount': 19250, 'rank': 4}}",contending,"{'F': [267, 409, 9, 312, 489, 434, 587, 671, 503, 216, 676, 202, 137, 183, 217, 628, 453, 585, 133, 642, 188, 358, 895, 258], 'D': [585, 628, 453, 642, 133, 183, 188, 489, 9, 434, 409, 587, 503, 671, 267, 676, 202, 312, 216, 217, 137, 358, 895, 258], 'G': [258, 358, 895, 312, 587, 183, 188, 585, 503, 409, 676, 628, 434, 216, 137, 671, 642, 489, 453, 267, 217, 202, 133, 9]}","['#ef670a', '#caeaf9', '#d3d3d3']",hockey,9.1,17500,[],True,False,True,"[{'tid': 4, 'cid': 1, 'did': 2, 'region': 'Chicago', 'name': 'Whirlwinds', 'abbrev': 'CHI', 'imgURL': '/img/logos/CHI.png', 'colors': ['#ef670a', '#caeaf9', '#d3d3d3'], 'jersey': 'hockey', 'season': 2021, 'gp': 48, 'gpHome': 21, 'att': 363093, 'cash': 12869.435732353635, 'won': 29, 'lost': 17, 'tied': 0, 'otl': 2, 'wonHome': 14, 'lostHome': 5, 'tiedHome': 0, 'otlHome': 2, 'wonAway': 15, 'lostAway': 12, 'tiedAway': 0, 'otlAway': 0, 'wonDiv': 5, 'lostDiv': 6, 'tiedDiv': 0, 'otlDiv': 0, 'wonConf': 14, 'lostConf': 9, 'tiedConf': 0, 'otlConf': 1, 'lastTen': [1, 0, 1, 1, 0, 1, 1, 1, 0, 0], 'streak': 1, 'playoffRoundsWon': -1, 'hype': 0.291938929377636, 'pop': 9.1, 'stadiumCapacity': 17500, 'revenues': {'luxuryTaxShare': {'amount': 0, 'rank': 1}, 'merch': {'amount': 3994.8151807523827, 'rank': 12}, 'sponsor': {'amount': 13316.050602507945, 'rank': 12}, 'ticket': {'amount': 39113.86080999998, 'rank': 3}, 'nationalTv': {'amount': 16000.000000000011, 'rank': 1}, 'localTv': {'amount': 13316.050602507945, 'rank': 12}}, 'expenses': {'salary': {'amount': 37798.1707317073, 'rank': 14}, 'luxuryTax': {'amount': 0, 'rank': 1}, 'minTax': {'amount': 0, 'rank': 1}, 'scouting': {'amount': 11268.292682926838, 'rank': 3}, 'coaching': {'amount': 11268.292682926838, 'rank': 3}, 'health': {'amount': 11268.292682926838, 'rank': 3}, 'facilities': {'amount': 11268.292682926838, 'rank': 3}}, 'payrollEndOfSeason': -1, 'ownerMood': {'wins': 0, 'playoffs': 0, 'money': 0}, 'numPlayersTradedAway': 2.220017339826416, 'rid': 4}]","[{'playoffs': False, 'season': 2021, 'tid': 4, 'so': 8, 'oppQs': 0, 'oppRbs': 0, 'oppSo': 0, 'gp': 48, 'min': 17437.380998521232, 'pts': 130, 'pim': 359, 'evG': 97, 'ppG': 32, 'shG': 1, 'evA': 174, 'ppA': 59, 'shA': 1, 's': 1538, 'tsa': 2275, 'fow': 912, 'fol': 886, 'blk': 539, 'hit': 874, 'tk': 350, 'gv': 447, 'sv': 1358, 'ppo': 156, 'oppPts': 114, 'oppPim': 330, 'oppEvG': 77, 'oppPpG': 36, 'oppShG': 1, 'oppEvA': 132, 'oppPpA': 56, 'oppShA': 2, 'oppS': 1472, 'oppTsa': 2218, 'oppFow': 886, 'oppFol': 912, 'oppBlk': 577, 'oppHit': 979, 'oppTk': 315, 'oppGv': 418, 'oppSv': 1408, 'oppPpo': 169, 'rid': 8}]"
5,0,1,Cincinnati,Riots,CIN,/img/logos/CIN.png,"{'ticketPrice': {'amount': 35.51, 'rank': 28.5}, 'scouting': {'amount': 12930, 'rank': 28.5}, 'coaching': {'amount': 12930, 'rank': 28.5}, 'health': {'amount': 12930, 'rank': 28.5}, 'facilities': {'amount': 12930, 'rank': 28.5}}",contending,"{'F': [387, 0, 37, 473, 320, 284, 554, 514, 104, 543, 432, 232, 62, 219, 350, 405, 596, 21, 697, 171, 245, 641, 648], 'D': [350, 405, 21, 596, 697, 171, 0, 37, 284, 320, 104, 514, 554, 432, 232, 219, 62, 473, 387, 543, 245, 641, 648], 'G': [245, 641, 648, 596, 554, 514, 473, 104, 37, 0, 432, 350, 284, 232, 219, 697, 543, 405, 387, 320, 171, 62, 21]}","['#222222', '#c11616', '#2966ef']",hockey,1.6,17500,[],True,False,True,"[{'tid': 5, 'cid': 0, 'did': 1, 'region': 'Cincinnati', 'name': 'Riots', 'abbrev': 'CIN', 'imgURL': '/img/logos/CIN.png', 'colors': ['#222222', '#c11616', '#2966ef'], 'jersey': 'hockey', 'season': 2021, 'gp': 47, 'gpHome': 26, 'att': 455000, 'cash': 9946.69604040396, 'won': 29, 'lost': 14, 'tied': 0, 'otl': 4, 'wonHome': 18, 'lostHome': 6, 'tiedHome': 0, 'otlHome': 2, 'wonAway': 11, 'lostAway': 8, 'tiedAway': 0, 'otlAway': 2, 'wonDiv': 5, 'lostDiv': 3, 'tiedDiv': 0, 'otlDiv': 2, 'wonConf': 14, 'lostConf': 6, 'tiedConf': 0, 'otlConf': 4, 'lastTen': [0, 'OTL', 1, 0, 0, 1, 1, 1, 1, 1], 'streak': -2, 'playoffRoundsWon': -1, 'hype': 0.8333995650449808, 'pop': 1.6, 'stadiumCapacity': 17500, 'revenues': {'luxuryTaxShare': {'amount': 0, 'rank': 1}, 'merch': {'amount': 3621.1615623220455, 'rank': 18}, 'sponsor': {'amount': 12070.538541073485, 'rank': 18}, 'ticket': {'amount': 31694.86389999998, 'rank': 28}, 'nationalTv': {'amount': 15666.666666666677, 'rank': 8}, 'localTv': {'amount': 12070.538541073485, 'rank': 18}}, 'expenses': {'salary': {'amount': 45532.68292682924, 'rank': 3}, 'luxuryTax': {'amount': 0, 'rank': 1}, 'minTax': {'amount': 0, 'rank': 1}, 'scouting': {'amount': 7411.097560975614, 'rank': 28}, 'coaching': {'amount': 7411.097560975614, 'rank': 28}, 'health': {'amount': 7411.097560975614, 'rank': 28}, 'facilities': {'amount': 7411.097560975614, 'rank': 28}}, 'payrollEndOfSeason': -1, 'ownerMood': {'wins': 0, 'playoffs': 0, 'money': 0}, 'numPlayersTradedAway': 0, 'rid': 5}]","[{'playoffs': False, 'season': 2021, 'tid': 5, 'so': 6, 'oppQs': 0, 'oppRbs': 0, 'oppSo': 3, 'gp': 47, 'min': 17089.59758072061, 'pts': 144, 'pim': 361, 'evG': 107, 'ppG': 35, 'shG': 2, 'evA': 196, 'ppA': 58, 'shA': 4, 's': 1591, 'tsa': 2300, 'fow': 881, 'fol': 822, 'blk': 498, 'hit': 986, 'tk': 330, 'gv': 361, 'sv': 1225, 'ppo': 142, 'oppPts': 110, 'oppPim': 305, 'oppEvG': 67, 'oppPpG': 43, 'oppShG': 0, 'oppEvA': 127, 'oppPpA': 78, 'oppShA': 0, 'oppS': 1335, 'oppTsa': 1980, 'oppFow': 822, 'oppFol': 881, 'oppBlk': 574, 'oppHit': 871, 'oppTk': 298, 'oppGv': 454, 'oppSv': 1447, 'oppPpo': 170, 'rid': 22}]"
6,0,0,Cleveland,Curses,CLE,/img/logos/CLE.png,"{'ticketPrice': {'amount': 36.94, 'rank': 26.5}, 'scouting': {'amount': 13440, 'rank': 26.5}, 'coaching': {'amount': 13440, 'rank': 26.5}, 'health': {'amount': 13440, 'rank': 26.5}, 'facilities': {'amount': 13440, 'rank': 26.5}}",contending,"{'F': [277, 657, 591, 311, 108, 643, 512, 719, 706, 406, 67, 152, 736, 681, 64, 527, 98, 551, 343, 71, 460, 441, 239, 206, 573], 'D': [551, 681, 343, 64, 71, 527, 67, 460, 441, 98, 657, 311, 736, 643, 591, 108, 719, 152, 277, 512, 706, 406, 206, 239, 573], 'G': [239, 573, 206, 343, 152, 71, 527, 512, 441, 736, 719, 706, 681, 657, 643, 591, 551, 460, 406, 311, 277, 108, 98, 67, 64]}","['#211e1e', '#f8e3cc', '#3f1c59']",hockey,1.7,17500,[],True,False,True,"[{'tid': 6, 'cid': 0, 'did': 0, 'region': 'Cleveland', 'name': 'Curses', 'abbrev': 'CLE', 'imgURL': '/img/logos/CLE.png', 'colors': ['#211e1e', '#f8e3cc', '#3f1c59'], 'jersey': 'hockey', 'season': 2021, 'gp': 48, 'gpHome': 28, 'att': 482856, 'cash': 19001.126749712017, 'won': 23, 'lost': 18, 'tied': 0, 'otl': 7, 'wonHome': 15, 'lostHome': 9, 'tiedHome': 0, 'otlHome': 4, 'wonAway': 8, 'lostAway': 9, 'tiedAway': 0, 'otlAway': 3, 'wonDiv': 2, 'lostDiv': 4, 'tiedDiv': 0, 'otlDiv': 0, 'wonConf': 10, 'lostConf': 7, 'tiedConf': 0, 'otlConf': 3, 'lastTen': [0, 1, 1, 1, 1, 1, 0, 0, 1, 'OTL'], 'streak': -1, 'playoffRoundsWon': -1, 'hype': 0.1645068659073612, 'pop': 1.7, 'stadiumCapacity': 17500, 'revenues': {'luxuryTaxShare': {'amount': 0, 'rank': 1}, 'merch': {'amount': 2782.6586318500295, 'rank': 30}, 'sponsor': {'amount': 9275.528772833433, 'rank': 30}, 'ticket': {'amount': 33091.19106000001, 'rank': 22}, 'nationalTv': {'amount': 16000.000000000011, 'rank': 1}, 'localTv': {'amount': 9275.528772833433, 'rank': 30}}, 'expenses': {'salary': {'amount': 29954.512195121973, 'rank': 23}, 'luxuryTax': {'amount': 0, 'rank': 1}, 'minTax': {'amount': 0, 'rank': 1}, 'scouting': {'amount': 7867.317073170735, 'rank': 26}, 'coaching': {'amount': 7867.317073170735, 'rank': 26}, 'health': {'amount': 7867.317073170735, 'rank': 26}, 'facilities': {'amount': 7867.317073170735, 'rank': 26}}, 'payrollEndOfSeason': -1, 'ownerMood': {'wins': 0, 'playoffs': 0, 'money': 0}, 'numPlayersTradedAway': 0.9347068036007918, 'rid': 6}]","[{'playoffs': False, 'season': 2021, 'tid': 6, 'so': 3, 'oppQs': 0, 'oppRbs': 0, 'oppSo': 1, 'gp': 48, 'min': 18138.608431850418, 'pts': 124, 'pim': 353, 'evG': 80, 'ppG': 44, 'shG': 0, 'evA': 145, 'ppA': 79, 'shA': 0, 's': 1432, 'tsa': 2194, 'fow': 920, 'fol': 908, 'blk': 589, 'hit': 873, 'tk': 336, 'gv': 470, 'sv': 1451, 'ppo': 192, 'oppPts': 118, 'oppPim': 416, 'oppEvG': 69, 'oppPpG': 46, 'oppShG': 3, 'oppEvA': 126, 'oppPpA': 83, 'oppShA': 5, 'oppS': 1569, 'oppTsa': 2367, 'oppFow': 908, 'oppFol': 920, 'oppBlk': 555, 'oppHit': 999, 'oppTk': 356, 'oppGv': 418, 'oppSv': 1308, 'oppPpo': 169, 'rid': 20}]"
7,1,2,Dallas,Snipers,DAL,/img/logos/DAL.png,"{'ticketPrice': {'amount': 51.28, 'rank': 6.5}, 'scouting': {'amount': 18600, 'rank': 6.5}, 'coaching': {'amount': 18600, 'rank': 6.5}, 'health': {'amount': 18600, 'rank': 6.5}, 'facilities': {'amount': 18600, 'rank': 6.5}}",rebuilding,"{'F': [125, 158, 674, 599, 275, 44, 52, 461, 768, 753, 445, 172, 633, 762, 565, 305, 248, 758, 425, 788, 567, 509, 228, 19], 'D': [248, 305, 425, 758, 788, 567, 275, 44, 461, 768, 172, 158, 599, 674, 445, 125, 753, 52, 762, 565, 633, 509, 228, 19], 'G': [509, 19, 228, 44, 599, 275, 758, 565, 445, 248, 788, 768, 762, 753, 674, 633, 567, 461, 425, 305, 172, 158, 125, 52]}","['#be2026', '#2b2e81', '#f9f9f9']",hockey,6.6,17500,[],True,False,True,"[{'tid': 7, 'cid': 1, 'did': 2, 'region': 'Dallas', 'name': 'Snipers', 'abbrev': 'DAL', 'imgURL': '/img/logos/DAL.png', 'colors': ['#be2026', '#2b2e81', '#f9f9f9'], 'jersey': 'hockey', 'season': 2021, 'gp': 47, 'gpHome': 26, 'att': 347773, 'cash': 15559.674662836163, 'won': 21, 'lost': 22, 'tied': 0, 'otl': 4, 'wonHome': 13, 'lostHome': 11, 'tiedHome': 0, 'otlHome': 2, 'wonAway': 8, 'lostAway': 11, 'tiedAway': 0, 'otlAway': 2, 'wonDiv': 4, 'lostDiv': 4, 'tiedDiv': 0, 'otlDiv': 1, 'wonConf': 12, 'lostConf': 9, 'tiedConf': 0, 'otlConf': 1, 'lastTen': [1, 0, 0, 0, 0, 'OTL', 0, 1, 1, 0], 'streak': 1, 'playoffRoundsWon': -1, 'hype': 0.04101911619581374, 'pop': 6.6, 'stadiumCapacity': 17500, 'revenues': {'luxuryTaxShare': {'amount': 0, 'rank': 1}, 'merch': {'amount': 3284.8261520772517, 'rank': 21}, 'sponsor': {'amount': 10949.420506924173, 'rank': 21}, 'ticket': {'amount': 33395.31644, 'rank': 20}, 'nationalTv': {'amount': 15666.666666666677, 'rank': 8}, 'localTv': {'amount': 10949.420506924173, 'rank': 21}}, 'expenses': {'salary': {'amount': 26042.07317073173, 'rank': 28}, 'luxuryTax': {'amount': 0, 'rank': 1}, 'minTax': {'amount': 0, 'rank': 1}, 'scouting': {'amount': 10660.975609756093, 'rank': 6}, 'coaching': {'amount': 10660.975609756093, 'rank': 6}, 'health': {'amount': 10660.975609756093, 'rank': 6}, 'facilities': {'amount': 10660.975609756093, 'rank': 6}}, 'payrollEndOfSeason': -1, 'ownerMood': {'wins': 0, 'playoffs': 0, 'money': 0}, 'numPlayersTradedAway': 7.966340829315889, 'rid': 7}]","[{'playoffs': False, 'season': 2021, 'tid': 7, 'so': 3, 'oppQs': 0, 'oppRbs': 0, 'oppSo': 3, 'gp': 47, 'min': 17041.454180699253, 'pts': 124, 'pim': 425, 'evG': 83, 'ppG': 41, 'shG': 0, 'evA': 141, 'ppA': 70, 'shA': 0, 's': 1373, 'tsa': 2104, 'fow': 813, 'fol': 819, 'blk': 550, 'hit': 1044, 'tk': 301, 'gv': 473, 'sv': 1198, 'ppo': 151, 'oppPts': 130, 'oppPim': 313, 'oppEvG': 83, 'oppPpG': 47, 'oppShG': 0, 'oppEvA': 136, 'oppPpA': 84, 'oppShA': 0, 'oppS': 1328, 'oppTsa': 2056, 'oppFow': 819, 'oppFol': 813, 'oppBlk': 543, 'oppHit': 901, 'oppTk': 364, 'oppGv': 508, 'oppSv': 1249, 'oppPpo': 200, 'rid': 12}]"
8,1,2,Denver,High,DEN,/img/logos/DEN.png,"{'ticketPrice': {'amount': 42.32, 'rank': 19}, 'scouting': {'amount': 15380, 'rank': 19}, 'coaching': {'amount': 15380, 'rank': 19}, 'health': {'amount': 15380, 'rank': 19}, 'facilities': {'amount': 15380, 'rank': 19}}",contending,"{'F': [123, 256, 308, 12, 271, 58, 411, 372, 468, 563, 515, 8, 540, 597, 106, 436, 107, 230, 233, 79, 65, 25, 844, 342, 785], 'D': [106, 79, 65, 25, 107, 436, 308, 256, 230, 58, 271, 468, 597, 372, 515, 12, 411, 123, 8, 563, 233, 540, 844, 785, 342], 'G': [342, 844, 785, 107, 308, 468, 106, 597, 540, 436, 256, 233, 79, 58, 12, 563, 515, 411, 372, 271, 230, 123, 65, 25, 8]}","['#2b8643', '#163a1c', '#a1d297']",hockey,2.7,17500,[],True,False,True,"[{'tid': 8, 'cid': 1, 'did': 2, 'region': 'Denver', 'name': 'High', 'abbrev': 'DEN', 'imgURL': '/img/logos/DEN.png', 'colors': ['#2b8643', '#163a1c', '#a1d297'], 'jersey': 'hockey', 'season': 2021, 'gp': 48, 'gpHome': 23, 'att': 402500, 'cash': 7276.12997325869, 'won': 28, 'lost': 16, 'tied': 0, 'otl': 4, 'wonHome': 14, 'lostHome': 7, 'tiedHome': 0, 'otlHome': 2, 'wonAway': 14, 'lostAway': 9, 'tiedAway': 0, 'otlAway': 2, 'wonDiv': 7, 'lostDiv': 2, 'tiedDiv': 0, 'otlDiv': 0, 'wonConf': 16, 'lostConf': 6, 'tiedConf': 0, 'otlConf': 2, 'lastTen': [1, 'OTL', 0, 'OTL', 1, 'OTL', 1, 1, 0, 1], 'streak': 1, 'playoffRoundsWon': -1, 'hype': 0.6809863926201497, 'pop': 2.7, 'stadiumCapacity': 17500, 'revenues': {'luxuryTaxShare': {'amount': 0, 'rank': 1}, 'merch': {'amount': 3854.8558246880357, 'rank': 14}, 'sponsor': {'amount': 12849.519415626784, 'rank': 14}, 'ticket': {'amount': 35111.50360999999, 'rank': 12}, 'nationalTv': {'amount': 16000.000000000011, 'rank': 1}, 'localTv': {'amount': 12849.519415626784, 'rank': 14}}, 'expenses': {'salary': {'amount': 47377.5609756098, 'rank': 1}, 'luxuryTax': {'amount': 0, 'rank': 1}, 'minTax': {'amount': 0, 'rank': 1}, 'scouting': {'amount': 9002.926829268303, 'rank': 17}, 'coaching': {'amount': 9002.926829268303, 'rank': 17}, 'health': {'amount': 9002.926829268303, 'rank': 17}, 'facilities': {'amount': 9002.926829268303, 'rank': 17}}, 'payrollEndOfSeason': -1, 'ownerMood': {'wins': 0, 'playoffs': 0, 'money': 0}, 'numPlayersTradedAway': 0, 'rid': 8}]","[{'playoffs': False, 'season': 2021, 'tid': 8, 'so': 8, 'oppQs': 0, 'oppRbs': 0, 'oppSo': 4, 'gp': 48, 'min': 17771.556033166326, 'pts': 139, 'pim': 372, 'evG': 103, 'ppG': 35, 'shG': 1, 'evA': 182, 'ppA': 58, 'shA': 2, 's': 1650, 'tsa': 2444, 'fow': 880, 'fol': 881, 'blk': 557, 'hit': 1026, 'tk': 360, 'gv': 365, 'sv': 1227, 'ppo': 156, 'oppPts': 117, 'oppPim': 346, 'oppEvG': 73, 'oppPpG': 43, 'oppShG': 1, 'oppEvA': 132, 'oppPpA': 73, 'oppShA': 2, 'oppS': 1344, 'oppTsa': 2030, 'oppFow': 881, 'oppFol': 880, 'oppBlk': 654, 'oppHit': 859, 'oppTk': 315, 'oppGv': 531, 'oppSv': 1511, 'oppPpo': 171, 'rid': 9}]"
9,0,0,Detroit,Muscle,DET,/img/logos/DET.png,"{'ticketPrice': {'amount': 45.9, 'rank': 14}, 'scouting': {'amount': 16670, 'rank': 14}, 'coaching': {'amount': 16670, 'rank': 14}, 'health': {'amount': 16670, 'rank': 14}, 'facilities': {'amount': 16670, 'rank': 14}}",contending,"{'F': [517, 329, 631, 361, 522, 162, 395, 127, 689, 48, 181, 655, 571, 282, 82, 469, 437, 211, 205, 151, 368, 651, 250, 593], 'D': [282, 469, 437, 82, 211, 205, 631, 522, 151, 329, 162, 361, 127, 48, 689, 181, 395, 655, 517, 571, 368, 250, 651, 593], 'G': [250, 368, 593, 651, 48, 571, 395, 162, 689, 631, 522, 282, 127, 82, 655, 517, 469, 437, 361, 329, 211, 205, 181, 151]}","['#3a61b6', '#9eb7e6', '#0a1130']",hockey,4,17500,[],True,False,True,"[{'tid': 9, 'cid': 0, 'did': 0, 'region': 'Detroit', 'name': 'Muscle', 'abbrev': 'DET', 'imgURL': '/img/logos/DET.png', 'colors': ['#3a61b6', '#9eb7e6', '#0a1130'], 'jersey': 'hockey', 'season': 2021, 'gp': 48, 'gpHome': 24, 'att': 420000, 'cash': 28503.961439040475, 'won': 25, 'lost': 19, 'tied': 0, 'otl': 4, 'wonHome': 14, 'lostHome': 9, 'tiedHome': 0, 'otlHome': 1, 'wonAway': 11, 'lostAway': 10, 'tiedAway': 0, 'otlAway': 3, 'wonDiv': 4, 'lostDiv': 1, 'tiedDiv': 0, 'otlDiv': 0, 'wonConf': 12, 'lostConf': 7, 'tiedConf': 0, 'otlConf': 2, 'lastTen': [0, 1, 1, 1, 0, 0, 1, 0, 'OTL', 0], 'streak': -1, 'playoffRoundsWon': -1, 'hype': 0.6926479038295364, 'pop': 4, 'stadiumCapacity': 17500, 'revenues': {'luxuryTaxShare': {'amount': 0, 'rank': 1}, 'merch': {'amount': 4627.017816269331, 'rank': 8}, 'sponsor': {'amount': 15423.39272089777, 'rank': 8}, 'ticket': {'amount': 37669.06061999999, 'rank': 8}, 'nationalTv': {'amount': 16000.000000000011, 'rank': 1}, 'localTv': {'amount': 15423.39272089777, 'rank': 8}}, 'expenses': {'salary': {'amount': 31606.707317073175, 'rank': 22}, 'luxuryTax': {'amount': 0, 'rank': 1}, 'minTax': {'amount': 0, 'rank': 1}, 'scouting': {'amount': 9758.0487804878, 'rank': 13}, 'coaching': {'amount': 9758.0487804878, 'rank': 13}, 'health': {'amount': 9758.0487804878, 'rank': 13}, 'facilities': {'amount': 9758.0487804878, 'rank': 13}}, 'payrollEndOfSeason': -1, 'ownerMood': {'wins': 0, 'playoffs': 0, 'money': 0}, 'numPlayersTradedAway': 0.9168273035060779, 'rid': 9}]","[{'playoffs': False, 'season': 2021, 'tid': 9, 'so': 2, 'oppQs': 0, 'oppRbs': 0, 'oppSo': 5, 'gp': 48, 'min': 17714.48998265606, 'pts': 132, 'pim': 340, 'evG': 80, 'ppG': 51, 'shG': 1, 'evA': 143, 'ppA': 92, 'shA': 1, 's': 1278, 'tsa': 1940, 'fow': 862, 'fol': 860, 'blk': 535, 'hit': 830, 'tk': 321, 'gv': 567, 'sv': 1547, 'ppo': 193, 'oppPts': 129, 'oppPim': 412, 'oppEvG': 85, 'oppPpG': 42, 'oppShG': 2, 'oppEvA': 144, 'oppPpA': 73, 'oppShA': 4, 'oppS': 1676, 'oppTsa': 2496, 'oppFow': 860, 'oppFol': 862, 'oppBlk': 484, 'oppHit': 999, 'oppTk': 370, 'oppGv': 364, 'oppSv': 1146, 'oppPpo': 164, 'rid': 31}]"
10,0,0,Indianapolis,Crossroads,IND,/img/logos/IND.png,"{'ticketPrice': {'amount': 35.51, 'rank': 28.5}, 'scouting': {'amount': 12930, 'rank': 28.5}, 'coaching': {'amount': 12930, 'rank': 28.5}, 'health': {'amount': 12930, 'rank': 28.5}, 'facilities': {'amount': 12930, 'rank': 28.5}}",rebuilding,"{'F': [454, 272, 196, 605, 690, 135, 81, 116, 224, 577, 728, 769, 111, 547, 482, 260, 310, 344, 470, 41, 637, 673, 510, 379], 'D': [260, 344, 310, 547, 470, 637, 769, 41, 482, 272, 196, 690, 116, 728, 577, 224, 135, 454, 605, 81, 111, 673, 379, 510], 'G': [379, 510, 673, 690, 577, 196, 547, 769, 728, 482, 272, 224, 135, 637, 605, 470, 454, 344, 310, 260, 116, 111, 81, 41]}","['#e79f02', '#00246d', '#f9f9f9']",hockey,1.6,17500,[],True,False,True,"[{'tid': 10, 'cid': 0, 'did': 0, 'region': 'Indianapolis', 'name': 'Crossroads', 'abbrev': 'IND', 'imgURL': '/img/logos/IND.png', 'colors': ['#e79f02', '#00246d', '#f9f9f9'], 'jersey': 'hockey', 'season': 2021, 'gp': 47, 'gpHome': 25, 'att': 436298, 'cash': 14275.963886663762, 'won': 24, 'lost': 17, 'tied': 0, 'otl': 6, 'wonHome': 12, 'lostHome': 10, 'tiedHome': 0, 'otlHome': 3, 'wonAway': 12, 'lostAway': 7, 'tiedAway': 0, 'otlAway': 3, 'wonDiv': 4, 'lostDiv': 3, 'tiedDiv': 0, 'otlDiv': 1, 'wonConf': 11, 'lostConf': 9, 'tiedConf': 0, 'otlConf': 2, 'lastTen': [1, 1, 1, 1, 'OTL', 0, 1, 0, 'OTL', 0], 'streak': 4, 'playoffRoundsWon': -1, 'hype': 0.10046515680635713, 'pop': 1.6, 'stadiumCapacity': 17500, 'revenues': {'luxuryTaxShare': {'amount': 0, 'rank': 1}, 'merch': {'amount': 2753.045125450311, 'rank': 31}, 'sponsor': {'amount': 9176.81708483437, 'rank': 31}, 'ticket': {'amount': 32227.13011999999, 'rank': 25}, 'nationalTv': {'amount': 15666.666666666677, 'rank': 8}, 'localTv': {'amount': 9176.81708483437, 'rank': 31}}, 'expenses': {'salary': {'amount': 35080.121951219495, 'rank': 17}, 'luxuryTax': {'amount': 0, 'rank': 1}, 'minTax': {'amount': 0, 'rank': 1}, 'scouting': {'amount': 7411.097560975614, 'rank': 28}, 'coaching': {'amount': 7411.097560975614, 'rank': 28}, 'health': {'amount': 7411.097560975614, 'rank': 28}, 'facilities': {'amount': 7411.097560975614, 'rank': 28}}, 'payrollEndOfSeason': -1, 'ownerMood': {'wins': 0, 'playoffs': 0, 'money': 0}, 'numPlayersTradedAway': 1.6797081136676209, 'rid': 10}]","[{'playoffs': False, 'season': 2021, 'tid': 10, 'so': 4, 'oppQs': 0, 'oppRbs': 0, 'oppSo': 3, 'gp': 47, 'min': 17358.460482427738, 'pts': 121, 'pim': 384, 'evG': 69, 'ppG': 51, 'shG': 1, 'evA': 121, 'ppA': 84, 'shA': 2, 's': 1357, 'tsa': 2120, 'fow': 850, 'fol': 809, 'blk': 555, 'hit': 982, 'tk': 317, 'gv': 493, 'sv': 1279, 'ppo': 160, 'oppPts': 127, 'oppPim': 348, 'oppEvG': 78, 'oppPpG': 48, 'oppShG': 1, 'oppEvA': 139, 'oppPpA': 88, 'oppShA': 2, 'oppS': 1406, 'oppTsa': 2124, 'oppFow': 809, 'oppFol': 850, 'oppBlk': 540, 'oppHit': 973, 'oppTk': 335, 'oppGv': 499, 'oppSv': 1236, 'oppPpo': 182, 'rid': 17}]"
11,1,3,Los Angeles,Lowriders,LA,/img/logos/LA.png,"{'ticketPrice': {'amount': 53.79, 'rank': 3}, 'scouting': {'amount': 19510, 'rank': 3}, 'coaching': {'amount': 19510, 'rank': 3}, 'health': {'amount': 19510, 'rank': 3}, 'facilities': {'amount': 19510, 'rank': 3}}",contending,"{'F': [427, 327, 583, 365, 87, 340, 634, 630, 32, 619, 200, 212, 220, 95, 184, 100, 296, 755, 112, 786, 486, 832, 660, 259], 'D': [296, 100, 755, 786, 95, 112, 630, 327, 486, 340, 87, 32, 583, 200, 427, 212, 619, 634, 184, 365, 220, 832, 660, 259], 'G': [259, 660, 832, 583, 340, 630, 212, 200, 95, 755, 486, 220, 786, 634, 619, 427, 365, 327, 296, 184, 112, 100, 87, 32]}","['#00008b', '#ffaf28', '#ff24ee']",hockey,15.6,17500,[],True,False,True,"[{'tid': 11, 'cid': 1, 'did': 3, 'region': 'Los Angeles', 'name': 'Lowriders', 'abbrev': 'LA', 'imgURL': '/img/logos/LA.png', 'colors': ['#00008b', '#ffaf28', '#ff24ee'], 'jersey': 'hockey', 'season': 2021, 'gp': 46, 'gpHome': 24, 'att': 420000, 'cash': 48953.04205227643, 'won': 25, 'lost': 16, 'tied': 0, 'otl': 5, 'wonHome': 14, 'lostHome': 6, 'tiedHome': 0, 'otlHome': 4, 'wonAway': 11, 'lostAway': 10, 'tiedAway': 0, 'otlAway': 1, 'wonDiv': 5, 'lostDiv': 4, 'tiedDiv': 0, 'otlDiv': 1, 'wonConf': 11, 'lostConf': 10, 'tiedConf': 0, 'otlConf': 2, 'lastTen': [0, 1, 0, 0, 1, 1, 1, 1, 0, 0], 'streak': -1, 'playoffRoundsWon': -1, 'hype': 0.7876698108225368, 'pop': 15.6, 'stadiumCapacity': 17500, 'revenues': {'luxuryTaxShare': {'amount': 0, 'rank': 1}, 'merch': {'amount': 7487.575999999999, 'rank': 3}, 'sponsor': {'amount': 19358.58666666667, 'rank': 5}, 'ticket': {'amount': 38437.398409999994, 'rank': 5}, 'nationalTv': {'amount': 15333.333333333343, 'rank': 24}, 'localTv': {'amount': 33758.586666666655, 'rank': 2}}, 'expenses': {'salary': {'amount': 31643.9024390244, 'rank': 21}, 'luxuryTax': {'amount': 0, 'rank': 1}, 'minTax': {'amount': 0, 'rank': 1}, 'scouting': {'amount': 10944.634146341456, 'rank': 4}, 'coaching': {'amount': 10944.634146341456, 'rank': 4}, 'health': {'amount': 10944.634146341456, 'rank': 4}, 'facilities': {'amount': 10944.634146341456, 'rank': 4}}, 'payrollEndOfSeason': -1, 'ownerMood': {'wins': 0, 'playoffs': 0, 'money': 0}, 'numPlayersTradedAway': 5.69597463152757, 'rid': 11}]","[{'playoffs': False, 'season': 2021, 'tid': 11, 'so': 7, 'oppQs': 0, 'oppRbs': 0, 'oppSo': 7, 'gp': 46, 'min': 16811.817247630195, 'pts': 112, 'pim': 318, 'evG': 71, 'ppG': 41, 'shG': 0, 'evA': 130, 'ppA': 72, 'shA': 0, 's': 1381, 'tsa': 2086, 'fow': 843, 'fol': 828, 'blk': 512, 'hit': 799, 'tk': 341, 'gv': 408, 'sv': 1292, 'ppo': 150, 'oppPts': 110, 'oppPim': 310, 'oppEvG': 75, 'oppPpG': 35, 'oppShG': 0, 'oppEvA': 129, 'oppPpA': 66, 'oppShA': 0, 'oppS': 1402, 'oppTsa': 2118, 'oppFow': 828, 'oppFol': 843, 'oppBlk': 535, 'oppHit': 851, 'oppTk': 359, 'oppGv': 408, 'oppSv': 1269, 'oppPpo': 148, 'rid': 30}]"
12,1,3,Las Vegas,Blue Chips,LV,/img/logos/LV.png,"{'ticketPrice': {'amount': 39.45, 'rank': 23}, 'scouting': {'amount': 14340, 'rank': 23}, 'coaching': {'amount': 14340, 'rank': 23}, 'health': {'amount': 14340, 'rank': 23}, 'facilities': {'amount': 14340, 'rank': 23}}",rebuilding,"{'F': [264, 337, 418, 464, 391, 124, 499, 727, 63, 134, 621, 576, 218, 280, 55, 692, 309, 448, 541, 617, 711, 666, 131], 'D': [309, 448, 280, 541, 55, 692, 576, 617, 418, 337, 391, 264, 124, 63, 727, 621, 464, 499, 134, 218, 711, 666, 131], 'G': [666, 711, 131, 617, 576, 309, 280, 727, 464, 448, 134, 55, 692, 621, 541, 499, 418, 391, 337, 264, 218, 124, 63]}","['#1c73bb', '#ffd600', '#0c5983']",hockey,2.1,17500,[],True,False,True,"[{'tid': 12, 'cid': 1, 'did': 3, 'region': 'Las Vegas', 'name': 'Blue Chips', 'abbrev': 'LV', 'imgURL': '/img/logos/LV.png', 'colors': ['#1c73bb', '#ffd600', '#0c5983'], 'jersey': 'hockey', 'season': 2021, 'gp': 47, 'gpHome': 26, 'att': 406888, 'cash': 6110.055126505451, 'won': 18, 'lost': 25, 'tied': 0, 'otl': 4, 'wonHome': 14, 'lostHome': 10, 'tiedHome': 0, 'otlHome': 2, 'wonAway': 4, 'lostAway': 15, 'tiedAway': 0, 'otlAway': 2, 'wonDiv': 6, 'lostDiv': 3, 'tiedDiv': 0, 'otlDiv': 1, 'wonConf': 10, 'lostConf': 11, 'tiedConf': 0, 'otlConf': 1, 'lastTen': [0, 1, 'OTL', 1, 0, 1, 0, 0, 1, 0], 'streak': -1, 'playoffRoundsWon': -1, 'hype': 0.01855437841576933, 'pop': 2.1, 'stadiumCapacity': 17500, 'revenues': {'luxuryTaxShare': {'amount': 0, 'rank': 1}, 'merch': {'amount': 2827.976169841115, 'rank': 28}, 'sponsor': {'amount': 9426.587232803715, 'rank': 28}, 'ticket': {'amount': 32219.798799999993, 'rank': 26}, 'nationalTv': {'amount': 15666.666666666677, 'rank': 8}, 'localTv': {'amount': 9426.587232803715, 'rank': 28}}, 'expenses': {'salary': {'amount': 40580.48780487807, 'rank': 11}, 'luxuryTax': {'amount': 0, 'rank': 1}, 'minTax': {'amount': 0, 'rank': 1}, 'scouting': {'amount': 8219.268292682931, 'rank': 23}, 'coaching': {'amount': 8219.268292682931, 'rank': 23}, 'health': {'amount': 8219.268292682931, 'rank': 23}, 'facilities': {'amount': 8219.268292682931, 'rank': 23}}, 'payrollEndOfSeason': -1, 'ownerMood': {'wins': 0, 'playoffs': 0, 'money': 0}, 'numPlayersTradedAway': 0, 'rid': 12}]","[{'playoffs': False, 'season': 2021, 'tid': 12, 'so': 1, 'oppQs': 0, 'oppRbs': 0, 'oppSo': 4, 'gp': 47, 'min': 17464.849997919056, 'pts': 121, 'pim': 373, 'evG': 78, 'ppG': 42, 'shG': 1, 'evA': 137, 'ppA': 74, 'shA': 2, 's': 1462, 'tsa': 2188, 'fow': 829, 'fol': 900, 'blk': 535, 'hit': 908, 'tk': 366, 'gv': 495, 'sv': 1278, 'ppo': 174, 'oppPts': 151, 'oppPim': 356, 'oppEvG': 101, 'oppPpG': 48, 'oppShG': 2, 'oppEvA': 172, 'oppPpA': 84, 'oppShA': 3, 'oppS': 1429, 'oppTsa': 2148, 'oppFow': 900, 'oppFol': 829, 'oppBlk': 533, 'oppHit': 901, 'oppTk': 299, 'oppGv': 489, 'oppSv': 1341, 'oppPpo': 172, 'rid': 29}]"
13,1,2,Memphis,Blues,MEM,/img/logos/MEM.png,"{'ticketPrice': {'amount': 33, 'rank': 32}, 'scouting': {'amount': 12020, 'rank': 32}, 'coaching': {'amount': 12020, 'rank': 32}, 'health': {'amount': 12020, 'rank': 32}, 'facilities': {'amount': 12020, 'rank': 32}}",rebuilding,"{'F': [592, 451, 373, 784, 629, 113, 557, 601, 479, 659, 508, 533, 189, 253, 613, 191, 301, 290, 28, 714, 26, 341, 718, 716, 423], 'D': [253, 290, 301, 26, 341, 28, 613, 191, 451, 629, 373, 508, 557, 479, 113, 601, 189, 718, 533, 784, 714, 592, 659, 716, 423], 'G': [423, 716, 341, 253, 784, 613, 508, 451, 113, 28, 659, 592, 301, 191, 718, 714, 629, 601, 557, 533, 479, 373, 290, 189, 26]}","['#222222', '#ff6c49', '#00aedc']",hockey,1.3,17500,[],True,False,True,"[{'tid': 13, 'cid': 1, 'did': 2, 'region': 'Memphis', 'name': 'Blues', 'abbrev': 'MEM', 'imgURL': '/img/logos/MEM.png', 'colors': ['#222222', '#ff6c49', '#00aedc'], 'jersey': 'hockey', 'season': 2021, 'gp': 48, 'gpHome': 23, 'att': 402500, 'cash': 17636.821903266733, 'won': 16, 'lost': 29, 'tied': 0, 'otl': 3, 'wonHome': 9, 'lostHome': 14, 'tiedHome': 0, 'otlHome': 0, 'wonAway': 7, 'lostAway': 15, 'tiedAway': 0, 'otlAway': 3, 'wonDiv': 4, 'lostDiv': 7, 'tiedDiv': 0, 'otlDiv': 2, 'wonConf': 9, 'lostConf': 16, 'tiedConf': 0, 'otlConf': 2, 'lastTen': [0, 0, 0, 1, 'OTL', 0, 1, 0, 1, 0], 'streak': -3, 'playoffRoundsWon': -1, 'hype': 0.7097146092216828, 'pop': 1.3, 'stadiumCapacity': 17500, 'revenues': {'luxuryTaxShare': {'amount': 0, 'rank': 1}, 'merch': {'amount': 3530.3482086551508, 'rank': 19}, 'sponsor': {'amount': 11767.827362183838, 'rank': 19}, 'ticket': {'amount': 31641.79457999999, 'rank': 29}, 'nationalTv': {'amount': 16000.000000000011, 'rank': 1}, 'localTv': {'amount': 11767.827362183838, 'rank': 19}}, 'expenses': {'salary': {'amount': 38926.58536585369, 'rank': 13}, 'luxuryTax': {'amount': 0, 'rank': 1}, 'minTax': {'amount': 0, 'rank': 1}, 'scouting': {'amount': 7036.097560975616, 'rank': 32}, 'coaching': {'amount': 7036.097560975616, 'rank': 32}, 'health': {'amount': 7036.097560975616, 'rank': 32}, 'facilities': {'amount': 7036.097560975616, 'rank': 32}}, 'payrollEndOfSeason': -1, 'ownerMood': {'wins': 0, 'playoffs': 0, 'money': 0}, 'numPlayersTradedAway': 1.8553319895317513, 'rid': 13}]","[{'playoffs': False, 'season': 2021, 'tid': 13, 'so': 3, 'oppQs': 0, 'oppRbs': 0, 'oppSo': 4, 'gp': 48, 'min': 17428.16428074066, 'pts': 116, 'pim': 380, 'evG': 84, 'ppG': 32, 'shG': 0, 'evA': 146, 'ppA': 58, 'shA': 0, 's': 1455, 'tsa': 2250, 'fow': 846, 'fol': 837, 'blk': 533, 'hit': 1022, 'tk': 333, 'gv': 451, 'sv': 1271, 'ppo': 142, 'oppPts': 140, 'oppPim': 298, 'oppEvG': 93, 'oppPpG': 46, 'oppShG': 1, 'oppEvA': 167, 'oppPpA': 80, 'oppShA': 2, 'oppS': 1411, 'oppTsa': 2087, 'oppFow': 837, 'oppFol': 846, 'oppBlk': 570, 'oppHit': 801, 'oppTk': 331, 'oppGv': 520, 'oppSv': 1339, 'oppPpo': 182, 'rid': 19}]"
14,0,0,Miami,Cyclones,MIA,/img/logos/MIA.png,"{'ticketPrice': {'amount': 48.77, 'rank': 10}, 'scouting': {'amount': 17700, 'rank': 10}, 'coaching': {'amount': 17700, 'rank': 10}, 'health': {'amount': 17700, 'rank': 10}, 'facilities': {'amount': 17700, 'rank': 10}}",rebuilding,"{'F': [383, 243, 13, 18, 321, 283, 215, 474, 516, 684, 140, 399, 115, 174, 359, 569, 528, 89, 187, 179, 27, 439, 14], 'D': [569, 89, 359, 179, 187, 528, 243, 13, 321, 283, 474, 140, 516, 684, 399, 18, 383, 215, 115, 174, 27, 14, 439], 'G': [14, 27, 439, 569, 187, 383, 359, 18, 474, 321, 179, 13, 684, 528, 516, 399, 283, 243, 215, 174, 140, 115, 89]}","['#4ac1c0', '#d8519d', '#f15949']",hockey,6.1,17500,[],True,False,True,"[{'tid': 14, 'cid': 0, 'did': 0, 'region': 'Miami', 'name': 'Cyclones', 'abbrev': 'MIA', 'imgURL': '/img/logos/MIA.png', 'colors': ['#4ac1c0', '#d8519d', '#f15949'], 'jersey': 'hockey', 'season': 2021, 'gp': 46, 'gpHome': 20, 'att': 350000, 'cash': 7790.607983275783, 'won': 21, 'lost': 20, 'tied': 0, 'otl': 5, 'wonHome': 10, 'lostHome': 9, 'tiedHome': 0, 'otlHome': 1, 'wonAway': 11, 'lostAway': 11, 'tiedAway': 0, 'otlAway': 4, 'wonDiv': 3, 'lostDiv': 5, 'tiedDiv': 0, 'otlDiv': 0, 'wonConf': 12, 'lostConf': 10, 'tiedConf': 0, 'otlConf': 2, 'lastTen': ['OTL', 1, 0, 1, 'OTL', 0, 1, 1, 0, 'OTL'], 'streak': -1, 'playoffRoundsWon': -1, 'hype': 0.4206080525794469, 'pop': 6.1, 'stadiumCapacity': 17500, 'revenues': {'luxuryTaxShare': {'amount': 0, 'rank': 1}, 'merch': {'amount': 4046.4379243509215, 'rank': 11}, 'sponsor': {'amount': 13488.126414503078, 'rank': 11}, 'ticket': {'amount': 35940.92535999998, 'rank': 11}, 'nationalTv': {'amount': 15333.333333333343, 'rank': 24}, 'localTv': {'amount': 13488.126414503078, 'rank': 11}}, 'expenses': {'salary': {'amount': 44789.26829268296, 'rank': 5}, 'luxuryTax': {'amount': 0, 'rank': 1}, 'minTax': {'amount': 0, 'rank': 1}, 'scouting': {'amount': 9929.268292682931, 'rank': 10}, 'coaching': {'amount': 9929.268292682931, 'rank': 10}, 'health': {'amount': 9929.268292682931, 'rank': 10}, 'facilities': {'amount': 9929.268292682931, 'rank': 10}}, 'payrollEndOfSeason': -1, 'ownerMood': {'wins': 0, 'playoffs': 0, 'money': 0}, 'numPlayersTradedAway': 0.27890108967854926, 'rid': 14}]","[{'playoffs': False, 'season': 2021, 'tid': 14, 'so': 1, 'oppQs': 0, 'oppRbs': 0, 'oppSo': 1, 'gp': 46, 'min': 16872.908957168303, 'pts': 138, 'pim': 310, 'evG': 89, 'ppG': 48, 'shG': 1, 'evA': 150, 'ppA': 88, 'shA': 2, 's': 1502, 'tsa': 2151, 'fow': 882, 'fol': 858, 'blk': 479, 'hit': 790, 'tk': 298, 'gv': 400, 'sv': 1311, 'ppo': 188, 'oppPts': 125, 'oppPim': 386, 'oppEvG': 91, 'oppPpG': 32, 'oppShG': 2, 'oppEvA': 150, 'oppPpA': 57, 'oppShA': 3, 'oppS': 1436, 'oppTsa': 2134, 'oppFow': 858, 'oppFol': 882, 'oppBlk': 540, 'oppHit': 871, 'oppTk': 302, 'oppGv': 420, 'oppSv': 1364, 'oppPpo': 152, 'rid': 4}]"
15,1,2,Milwaukee,Cheesemakers,MIL,/img/logos/MIL.png,"{'ticketPrice': {'amount': 34.08, 'rank': 30.5}, 'scouting': {'amount': 12410, 'rank': 30.5}, 'coaching': {'amount': 12410, 'rank': 30.5}, 'health': {'amount': 12410, 'rank': 30.5}, 'facilities': {'amount': 12410, 'rank': 30.5}}",contending,"{'F': [23, 268, 421, 54, 15, 433, 475, 519, 664, 608, 93, 639, 318, 163, 263, 709, 654, 97, 128, 159, 345, 783, 122, 88, 371], 'D': [263, 318, 345, 159, 163, 783, 128, 97, 519, 268, 433, 15, 421, 93, 664, 654, 709, 23, 639, 608, 54, 475, 371, 88, 122], 'G': [371, 88, 122, 163, 709, 318, 159, 54, 519, 433, 421, 263, 23, 783, 664, 654, 639, 608, 475, 345, 268, 128, 97, 93, 15]}","['#003600', '#fdc05f', '#007800']",hockey,1.5,17500,[],True,False,True,"[{'tid': 15, 'cid': 1, 'did': 2, 'region': 'Milwaukee', 'name': 'Cheesemakers', 'abbrev': 'MIL', 'imgURL': '/img/logos/MIL.png', 'colors': ['#003600', '#fdc05f', '#007800'], 'jersey': 'hockey', 'season': 2021, 'gp': 47, 'gpHome': 22, 'att': 385000, 'cash': 9055.994882551184, 'won': 30, 'lost': 11, 'tied': 0, 'otl': 6, 'wonHome': 16, 'lostHome': 5, 'tiedHome': 0, 'otlHome': 1, 'wonAway': 14, 'lostAway': 6, 'tiedAway': 0, 'otlAway': 5, 'wonDiv': 5, 'lostDiv': 6, 'tiedDiv': 0, 'otlDiv': 2, 'wonConf': 13, 'lostConf': 7, 'tiedConf': 0, 'otlConf': 3, 'lastTen': [0, 0, 0, 1, 1, 1, 1, 0, 0, 'OTL'], 'streak': -3, 'playoffRoundsWon': -1, 'hype': 0.6925415361964884, 'pop': 1.5, 'stadiumCapacity': 17500, 'revenues': {'luxuryTaxShare': {'amount': 0, 'rank': 1}, 'merch': {'amount': 3185.2459125915098, 'rank': 23}, 'sponsor': {'amount': 10617.486375305029, 'rank': 23}, 'ticket': {'amount': 31329.841260000005, 'rank': 31}, 'nationalTv': {'amount': 15666.666666666677, 'rank': 8}, 'localTv': {'amount': 10617.486375305029, 'rank': 23}}, 'expenses': {'salary': {'amount': 43908.536585365844, 'rank': 8}, 'luxuryTax': {'amount': 0, 'rank': 1}, 'minTax': {'amount': 0, 'rank': 1}, 'scouting': {'amount': 7113.0487804878, 'rank': 30}, 'coaching': {'amount': 7113.0487804878, 'rank': 30}, 'health': {'amount': 7113.0487804878, 'rank': 30}, 'facilities': {'amount': 7113.0487804878, 'rank': 30}}, 'payrollEndOfSeason': -1, 'ownerMood': {'wins': 0, 'playoffs': 0, 'money': 0}, 'numPlayersTradedAway': 1.7811355456466702, 'rid': 15}]","[{'playoffs': False, 'season': 2021, 'tid': 15, 'so': 1, 'oppQs': 0, 'oppRbs': 0, 'oppSo': 1, 'gp': 47, 'min': 17490.396255496395, 'pts': 146, 'pim': 405, 'evG': 103, 'ppG': 41, 'shG': 2, 'evA': 170, 'ppA': 72, 'shA': 4, 's': 1627, 'tsa': 2382, 'fow': 803, 'fol': 881, 'blk': 567, 'hit': 1045, 'tk': 400, 'gv': 378, 'sv': 1093, 'ppo': 184, 'oppPts': 124, 'oppPim': 388, 'oppEvG': 81, 'oppPpG': 43, 'oppShG': 0, 'oppEvA': 142, 'oppPpA': 78, 'oppShA': 0, 'oppS': 1217, 'oppTsa': 1898, 'oppFow': 881, 'oppFol': 803, 'oppBlk': 539, 'oppHit': 865, 'oppTk': 274, 'oppGv': 565, 'oppSv': 1481, 'oppPpo': 189, 'rid': 7}]"
16,1,2,Minneapolis,Blizzard,MIN,/img/logos/MIN.png,"{'ticketPrice': {'amount': 43.75, 'rank': 17}, 'scouting': {'amount': 15890, 'rank': 17}, 'coaching': {'amount': 15890, 'rank': 17}, 'health': {'amount': 15890, 'rank': 17}, 'facilities': {'amount': 15890, 'rank': 17}}",contending,"{'F': [240, 10, 416, 45, 450, 20, 43, 698, 495, 226, 501, 534, 299, 650, 173, 588, 575, 366, 481, 60, 11, 292, 353], 'D': [299, 588, 366, 481, 60, 575, 20, 10, 416, 173, 495, 698, 450, 501, 650, 226, 534, 240, 45, 43, 11, 353, 292], 'G': [292, 353, 11, 698, 650, 588, 495, 416, 60, 575, 45, 534, 501, 481, 450, 366, 299, 240, 226, 173, 43, 20, 10]}","['#8accdc', '#3d2971', '#ed9a22']",hockey,2.8,17500,[],True,False,True,"[{'tid': 16, 'cid': 1, 'did': 2, 'region': 'Minneapolis', 'name': 'Blizzard', 'abbrev': 'MIN', 'imgURL': '/img/logos/MIN.png', 'colors': ['#8accdc', '#3d2971', '#ed9a22'], 'jersey': 'hockey', 'season': 2021, 'gp': 46, 'gpHome': 23, 'att': 311957, 'cash': -2492.999837298223, 'won': 24, 'lost': 21, 'tied': 0, 'otl': 1, 'wonHome': 16, 'lostHome': 7, 'tiedHome': 0, 'otlHome': 0, 'wonAway': 8, 'lostAway': 14, 'tiedAway': 0, 'otlAway': 1, 'wonDiv': 6, 'lostDiv': 5, 'tiedDiv': 0, 'otlDiv': 0, 'wonConf': 12, 'lostConf': 10, 'tiedConf': 0, 'otlConf': 0, 'lastTen': [1, 1, 1, 0, 1, 1, 1, 1, 1, 0], 'streak': 3, 'playoffRoundsWon': -1, 'hype': 0.03827161497702068, 'pop': 2.8, 'stadiumCapacity': 17500, 'revenues': {'luxuryTaxShare': {'amount': 0, 'rank': 1}, 'merch': {'amount': 2821.03666191126, 'rank': 29}, 'sponsor': {'amount': 9403.455539704199, 'rank': 29}, 'ticket': {'amount': 30757.91421, 'rank': 32}, 'nationalTv': {'amount': 15333.333333333343, 'rank': 24}, 'localTv': {'amount': 9403.455539704199, 'rank': 29}}, 'expenses': {'salary': {'amount': 44556.58536585366, 'rank': 6}, 'luxuryTax': {'amount': 0, 'rank': 1}, 'minTax': {'amount': 0, 'rank': 1}, 'scouting': {'amount': 8913.902439024394, 'rank': 18}, 'coaching': {'amount': 8913.902439024394, 'rank': 18}, 'health': {'amount': 8913.902439024394, 'rank': 18}, 'facilities': {'amount': 8913.902439024394, 'rank': 18}}, 'payrollEndOfSeason': -1, 'ownerMood': {'wins': 0, 'playoffs': 0, 'money': 0}, 'numPlayersTradedAway': 0.8581489350995124, 'rid': 16}]","[{'playoffs': False, 'season': 2021, 'tid': 16, 'so': 2, 'oppQs': 0, 'oppRbs': 0, 'oppSo': 4, 'gp': 46, 'min': 16451.449889110198, 'pts': 125, 'pim': 317, 'evG': 82, 'ppG': 42, 'shG': 1, 'evA': 144, 'ppA': 77, 'shA': 2, 's': 1313, 'tsa': 2016, 'fow': 823, 'fol': 816, 'blk': 513, 'hit': 775, 'tk': 320, 'gv': 495, 'sv': 1333, 'ppo': 175, 'oppPts': 123, 'oppPim': 365, 'oppEvG': 82, 'oppPpG': 40, 'oppShG': 1, 'oppEvA': 140, 'oppPpA': 74, 'oppShA': 2, 'oppS': 1456, 'oppTsa': 2136, 'oppFow': 816, 'oppFol': 823, 'oppBlk': 507, 'oppHit': 916, 'oppTk': 324, 'oppGv': 445, 'oppSv': 1188, 'oppPpo': 149, 'rid': 15}]"
17,0,0,Montreal,Mounties,MON,/img/logos/MON.png,"{'ticketPrice': {'amount': 44.47, 'rank': 16}, 'scouting': {'amount': 16150, 'rank': 16}, 'coaching': {'amount': 16150, 'rank': 16}, 'health': {'amount': 16150, 'rank': 16}, 'facilities': {'amount': 16150, 'rank': 16}}",rebuilding,"{'F': [357, 254, 201, 757, 414, 121, 552, 683, 652, 708, 190, 199, 114, 324, 73, 388, 36, 538, 480, 747, 614, 556, 270, 382], 'D': [324, 388, 73, 747, 480, 36, 254, 190, 538, 201, 757, 652, 414, 121, 708, 683, 199, 552, 357, 114, 614, 270, 382, 556], 'G': [382, 270, 556, 614, 757, 538, 121, 324, 201, 708, 552, 199, 73, 747, 683, 652, 480, 414, 388, 357, 254, 190, 114, 36]}","['#ed1d3d', '#eac494', '#f2b316']",hockey,3.5,17500,[],True,False,True,"[{'tid': 17, 'cid': 0, 'did': 0, 'region': 'Montreal', 'name': 'Mounties', 'abbrev': 'MON', 'imgURL': '/img/logos/MON.png', 'colors': ['#ed1d3d', '#eac494', '#f2b316'], 'jersey': 'hockey', 'season': 2021, 'gp': 46, 'gpHome': 23, 'att': 402500, 'cash': 29836.265764842792, 'won': 20, 'lost': 25, 'tied': 0, 'otl': 1, 'wonHome': 12, 'lostHome': 11, 'tiedHome': 0, 'otlHome': 0, 'wonAway': 8, 'lostAway': 14, 'tiedAway': 0, 'otlAway': 1, 'wonDiv': 5, 'lostDiv': 3, 'tiedDiv': 0, 'otlDiv': 1, 'wonConf': 9, 'lostConf': 12, 'tiedConf': 0, 'otlConf': 1, 'lastTen': [1, 0, 0, 1, 1, 1, 1, 1, 0, 1], 'streak': 1, 'playoffRoundsWon': -1, 'hype': 0.6162130559654039, 'pop': 3.5, 'stadiumCapacity': 17500, 'revenues': {'luxuryTaxShare': {'amount': 0, 'rank': 1}, 'merch': {'amount': 4351.100089094024, 'rank': 10}, 'sponsor': {'amount': 14503.666963646749, 'rank': 10}, 'ticket': {'amount': 35079.98621999998, 'rank': 13}, 'nationalTv': {'amount': 15333.333333333343, 'rank': 24}, 'localTv': {'amount': 14503.666963646749, 'rank': 10}}, 'expenses': {'salary': {'amount': 27696.46341463416, 'rank': 27}, 'luxuryTax': {'amount': 0, 'rank': 1}, 'minTax': {'amount': 0, 'rank': 1}, 'scouting': {'amount': 9059.756097560976, 'rank': 16}, 'coaching': {'amount': 9059.756097560976, 'rank': 16}, 'health': {'amount': 9059.756097560976, 'rank': 16}, 'facilities': {'amount': 9059.756097560976, 'rank': 16}}, 'payrollEndOfSeason': -1, 'ownerMood': {'wins': 0, 'playoffs': 0, 'money': 0}, 'numPlayersTradedAway': 2.1879983007863606, 'rid': 17}]","[{'playoffs': False, 'season': 2021, 'tid': 17, 'so': 3, 'oppQs': 0, 'oppRbs': 0, 'oppSo': 4, 'gp': 46, 'min': 16803.5809626604, 'pts': 111, 'pim': 342, 'evG': 77, 'ppG': 34, 'shG': 0, 'evA': 130, 'ppA': 61, 'shA': 0, 's': 1404, 'tsa': 2114, 'fow': 791, 'fol': 816, 'blk': 559, 'hit': 898, 'tk': 327, 'gv': 466, 'sv': 1202, 'ppo': 142, 'oppPts': 137, 'oppPim': 294, 'oppEvG': 95, 'oppPpG': 41, 'oppShG': 1, 'oppEvA': 172, 'oppPpA': 73, 'oppShA': 1, 'oppS': 1339, 'oppTsa': 2044, 'oppFow': 816, 'oppFol': 791, 'oppBlk': 529, 'oppHit': 872, 'oppTk': 333, 'oppGv': 473, 'oppSv': 1293, 'oppPpo': 165, 'rid': 14}]"
18,0,1,New York,Bankers,NYC,/img/logos/NYC.png,"{'ticketPrice': {'amount': 54.86, 'rank': 1.5}, 'scouting': {'amount': 19890, 'rank': 1.5}, 'coaching': {'amount': 19890, 'rank': 1.5}, 'health': {'amount': 19890, 'rank': 1.5}, 'facilities': {'amount': 19890, 'rank': 1.5}}",contending,"{'F': [242, 287, 488, 328, 693, 724, 502, 526, 703, 56, 732, 146, 96, 739, 620, 564, 386, 306, 182, 595, 164, 548, 808, 869, 417], 'D': [306, 386, 548, 595, 164, 564, 287, 488, 182, 703, 724, 693, 732, 146, 526, 502, 328, 620, 242, 739, 56, 96, 869, 417, 808], 'G': [417, 869, 808, 703, 96, 56, 739, 693, 526, 328, 287, 146, 732, 724, 620, 595, 564, 548, 502, 488, 386, 306, 242, 182, 164]}","['#1e73ba', '#ff8500', '#f9f9f9']",hockey,21.5,17500,[],True,False,True,"[{'tid': 18, 'cid': 0, 'did': 1, 'region': 'New York', 'name': 'Bankers', 'abbrev': 'NYC', 'imgURL': '/img/logos/NYC.png', 'colors': ['#1e73ba', '#ff8500', '#f9f9f9'], 'jersey': 'hockey', 'season': 2021, 'gp': 47, 'gpHome': 25, 'att': 437500, 'cash': 57033.318397561015, 'won': 23, 'lost': 23, 'tied': 0, 'otl': 1, 'wonHome': 13, 'lostHome': 11, 'tiedHome': 0, 'otlHome': 1, 'wonAway': 10, 'lostAway': 12, 'tiedAway': 0, 'otlAway': 0, 'wonDiv': 8, 'lostDiv': 6, 'tiedDiv': 0, 'otlDiv': 0, 'wonConf': 12, 'lostConf': 11, 'tiedConf': 0, 'otlConf': 1, 'lastTen': [1, 0, 0, 0, 0, 0, 0, 0, 1, 1], 'streak': 1, 'playoffRoundsWon': -1, 'hype': 0.7125964069039947, 'pop': 21.5, 'stadiumCapacity': 17500, 'revenues': {'luxuryTaxShare': {'amount': 0, 'rank': 1}, 'merch': {'amount': 7725.384, 'rank': 2}, 'sponsor': {'amount': 19917.946666666667, 'rank': 2}, 'ticket': {'amount': 40135.61829999999, 'rank': 2}, 'nationalTv': {'amount': 15666.666666666677, 'rank': 8}, 'localTv': {'amount': 34917.94666666665, 'rank': 1}}, 'expenses': {'salary': {'amount': 25728.780487804877, 'rank': 29}, 'luxuryTax': {'amount': 0, 'rank': 1}, 'minTax': {'amount': 0, 'rank': 1}, 'scouting': {'amount': 11400.365853658548, 'rank': 2}, 'coaching': {'amount': 11400.365853658548, 'rank': 2}, 'health': {'amount': 11400.365853658548, 'rank': 2}, 'facilities': {'amount': 11400.365853658548, 'rank': 2}}, 'payrollEndOfSeason': -1, 'ownerMood': {'wins': 0, 'playoffs': 0, 'money': 0}, 'numPlayersTradedAway': 2.192510273176366, 'rid': 18}]","[{'playoffs': False, 'season': 2021, 'tid': 18, 'so': 3, 'oppQs': 0, 'oppRbs': 0, 'oppSo': 1, 'gp': 47, 'min': 17342.324069038055, 'pts': 130, 'pim': 328, 'evG': 97, 'ppG': 33, 'shG': 0, 'evA': 166, 'ppA': 57, 'shA': 0, 's': 1459, 'tsa': 2175, 'fow': 827, 'fol': 860, 'blk': 541, 'hit': 984, 'tk': 340, 'gv': 451, 'sv': 1242, 'ppo': 184, 'oppPts': 144, 'oppPim': 386, 'oppEvG': 102, 'oppPpG': 41, 'oppShG': 1, 'oppEvA': 173, 'oppPpA': 72, 'oppShA': 2, 'oppS': 1386, 'oppTsa': 2126, 'oppFow': 860, 'oppFol': 827, 'oppBlk': 514, 'oppHit': 904, 'oppTk': 314, 'oppGv': 504, 'oppSv': 1329, 'oppPpo': 157, 'rid': 28}]"
19,0,1,Philadelphia,Cheesesteaks,PHI,/img/logos/PHI.png,"{'ticketPrice': {'amount': 48.05, 'rank': 11}, 'scouting': {'amount': 17440, 'rank': 11}, 'coaching': {'amount': 17440, 'rank': 11}, 'health': {'amount': 17440, 'rank': 11}, 'facilities': {'amount': 17440, 'rank': 11}}",contending,"{'F': [330, 490, 157, 5, 840, 700, 281, 670, 624, 431, 177, 721, 92, 846, 69, 389, 303, 192, 579, 465, 598, 105, 530, 419, 235], 'D': [303, 389, 465, 105, 598, 530, 579, 840, 157, 490, 700, 431, 670, 177, 624, 69, 281, 846, 721, 192, 5, 330, 92, 419, 235], 'G': [235, 419, 840, 530, 431, 389, 177, 670, 330, 92, 69, 846, 721, 700, 624, 598, 579, 490, 465, 303, 281, 192, 157, 105, 5]}","['#46bae6', '#ffdb33', 'd9771f']",hockey,5.5,17500,[],True,False,True,"[{'tid': 19, 'cid': 0, 'did': 1, 'region': 'Philadelphia', 'name': 'Cheesesteaks', 'abbrev': 'PHI', 'imgURL': '/img/logos/PHI.png', 'colors': ['#46bae6', '#ffdb33', 'd9771f'], 'jersey': 'hockey', 'season': 2021, 'gp': 46, 'gpHome': 20, 'att': 281258, 'cash': 18469.68511214558, 'won': 25, 'lost': 17, 'tied': 0, 'otl': 4, 'wonHome': 10, 'lostHome': 8, 'tiedHome': 0, 'otlHome': 2, 'wonAway': 15, 'lostAway': 9, 'tiedAway': 0, 'otlAway': 2, 'wonDiv': 4, 'lostDiv': 4, 'tiedDiv': 0, 'otlDiv': 0, 'wonConf': 16, 'lostConf': 9, 'tiedConf': 0, 'otlConf': 1, 'lastTen': [0, 0, 1, 1, 1, 1, 1, 1, 0, 1], 'streak': -2, 'playoffRoundsWon': -1, 'hype': 0.013543021983765263, 'pop': 5.5, 'stadiumCapacity': 17500, 'revenues': {'luxuryTaxShare': {'amount': 0, 'rank': 1}, 'merch': {'amount': 3069.6045167697844, 'rank': 25}, 'sponsor': {'amount': 10232.015055899281, 'rank': 25}, 'ticket': {'amount': 32698.692759999994, 'rank': 23}, 'nationalTv': {'amount': 15333.333333333343, 'rank': 24}, 'localTv': {'amount': 10232.015055899281, 'rank': 25}}, 'expenses': {'salary': {'amount': 23962.317073170732, 'rank': 30}, 'luxuryTax': {'amount': 0, 'rank': 1}, 'minTax': {'amount': 0, 'rank': 1}, 'scouting': {'amount': 9783.41463414634, 'rank': 12}, 'coaching': {'amount': 9783.41463414634, 'rank': 12}, 'health': {'amount': 9783.41463414634, 'rank': 12}, 'facilities': {'amount': 9783.41463414634, 'rank': 12}}, 'payrollEndOfSeason': -1, 'ownerMood': {'wins': 0, 'playoffs': 0, 'money': 0}, 'numPlayersTradedAway': 0, 'rid': 19}]","[{'playoffs': False, 'season': 2021, 'tid': 19, 'so': 5, 'oppQs': 0, 'oppRbs': 0, 'oppSo': 4, 'gp': 46, 'min': 16773.202857317632, 'pts': 128, 'pim': 374, 'evG': 89, 'ppG': 35, 'shG': 4, 'evA': 152, 'ppA': 59, 'shA': 7, 's': 1519, 'tsa': 2213, 'fow': 880, 'fol': 841, 'blk': 498, 'hit': 901, 'tk': 322, 'gv': 407, 'sv': 1209, 'ppo': 147, 'oppPts': 115, 'oppPim': 311, 'oppEvG': 64, 'oppPpG': 51, 'oppShG': 0, 'oppEvA': 114, 'oppPpA': 91, 'oppShA': 0, 'oppS': 1324, 'oppTsa': 1983, 'oppFow': 841, 'oppFol': 880, 'oppBlk': 519, 'oppHit': 828, 'oppTk': 292, 'oppGv': 421, 'oppSv': 1391, 'oppPpo': 178, 'rid': 24}]"
20,1,2,Phoenix,Vultures,PHO,/img/logos/PHO.png,"{'ticketPrice': {'amount': 46.62, 'rank': 13}, 'scouting': {'amount': 16930, 'rank': 13}, 'coaching': {'amount': 16930, 'rank': 13}, 'health': {'amount': 16930, 'rank': 13}, 'facilities': {'amount': 16930, 'rank': 13}}",contending,"{'F': [276, 317, 22, 101, 459, 553, 59, 560, 492, 712, 678, 185, 440, 209, 348, 653, 586, 42, 413, 380, 374, 234, 645], 'D': [586, 348, 42, 413, 380, 653, 317, 459, 185, 22, 560, 492, 59, 553, 276, 678, 712, 101, 440, 209, 374, 234, 645], 'G': [234, 374, 645, 440, 413, 348, 22, 553, 459, 185, 712, 586, 317, 42, 678, 653, 560, 492, 380, 276, 209, 101, 59]}","['#d17d2a', '#231f20', '#c09867']",hockey,4.3,17500,[],True,False,True,"[{'tid': 20, 'cid': 1, 'did': 2, 'region': 'Phoenix', 'name': 'Vultures', 'abbrev': 'PHO', 'imgURL': '/img/logos/PHO.png', 'colors': ['#d17d2a', '#231f20', '#c09867'], 'jersey': 'hockey', 'season': 2021, 'gp': 47, 'gpHome': 26, 'att': 455000, 'cash': 33353.94214583166, 'won': 26, 'lost': 17, 'tied': 0, 'otl': 4, 'wonHome': 16, 'lostHome': 8, 'tiedHome': 0, 'otlHome': 2, 'wonAway': 10, 'lostAway': 9, 'tiedAway': 0, 'otlAway': 2, 'wonDiv': 4, 'lostDiv': 2, 'tiedDiv': 0, 'otlDiv': 1, 'wonConf': 14, 'lostConf': 6, 'tiedConf': 0, 'otlConf': 1, 'lastTen': [0, 0, 1, 0, 1, 1, 'OTL', 1, 0, 1], 'streak': -2, 'playoffRoundsWon': -1, 'hype': 0.864153890406939, 'pop': 4.3, 'stadiumCapacity': 17500, 'revenues': {'luxuryTaxShare': {'amount': 0, 'rank': 1}, 'merch': {'amount': 5819.7619908666975, 'rank': 6}, 'sponsor': {'amount': 19399.206636222312, 'rank': 4}, 'ticket': {'amount': 37402.514849999985, 'rank': 9}, 'nationalTv': {'amount': 15666.666666666677, 'rank': 8}, 'localTv': {'amount': 19399.206636222312, 'rank': 6}}, 'expenses': {'salary': {'amount': 35518.29268292681, 'rank': 16}, 'luxuryTax': {'amount': 0, 'rank': 1}, 'minTax': {'amount': 0, 'rank': 1}, 'scouting': {'amount': 9703.780487804874, 'rank': 14}, 'coaching': {'amount': 9703.780487804874, 'rank': 14}, 'health': {'amount': 9703.780487804874, 'rank': 14}, 'facilities': {'amount': 9703.780487804874, 'rank': 14}}, 'payrollEndOfSeason': -1, 'ownerMood': {'wins': 0, 'playoffs': 0, 'money': 0}, 'numPlayersTradedAway': 0.7685247834990179, 'rid': 20}]","[{'playoffs': False, 'season': 2021, 'tid': 20, 'so': 6, 'oppQs': 0, 'oppRbs': 0, 'oppSo': 2, 'gp': 47, 'min': 17172.24323025723, 'pts': 123, 'pim': 376, 'evG': 70, 'ppG': 53, 'shG': 0, 'evA': 123, 'ppA': 91, 'shA': 0, 's': 1440, 'tsa': 2113, 'fow': 843, 'fol': 854, 'blk': 532, 'hit': 884, 'tk': 285, 'gv': 466, 'sv': 1412, 'ppo': 185, 'oppPts': 108, 'oppPim': 397, 'oppEvG': 68, 'oppPpG': 40, 'oppShG': 0, 'oppEvA': 112, 'oppPpA': 72, 'oppShA': 0, 'oppS': 1520, 'oppTsa': 2265, 'oppFow': 854, 'oppFol': 843, 'oppBlk': 502, 'oppHit': 891, 'oppTk': 299, 'oppGv': 420, 'oppSv': 1317, 'oppPpo': 180, 'rid': 5}]"
21,0,1,Pittsburgh,Rivers,PIT,/img/logos/PIT.png,"{'ticketPrice': {'amount': 36.94, 'rank': 26.5}, 'scouting': {'amount': 13440, 'rank': 26.5}, 'coaching': {'amount': 13440, 'rank': 26.5}, 'health': {'amount': 13440, 'rank': 26.5}, 'facilities': {'amount': 13440, 'rank': 26.5}}",contending,"{'F': [273, 352, 403, 363, 449, 656, 72, 687, 731, 167, 737, 532, 208, 326, 600, 500, 51, 638, 574, 244, 458, 34, 578], 'D': [326, 600, 500, 51, 638, 574, 449, 737, 403, 532, 352, 656, 363, 687, 72, 273, 167, 731, 208, 244, 458, 34, 578], 'G': [244, 34, 458, 578, 273, 656, 687, 449, 167, 600, 403, 326, 208, 638, 574, 500, 72, 737, 731, 532, 363, 352, 51]}","['#231f20', '#fbee28', '#fbee26']",hockey,1.7,17500,[],True,False,True,"[{'tid': 21, 'cid': 0, 'did': 1, 'region': 'Pittsburgh', 'name': 'Rivers', 'abbrev': 'PIT', 'imgURL': '/img/logos/PIT.png', 'colors': ['#231f20', '#fbee28', '#fbee26'], 'jersey': 'hockey', 'season': 2021, 'gp': 48, 'gpHome': 23, 'att': 401738, 'cash': 9967.968876818522, 'won': 27, 'lost': 14, 'tied': 0, 'otl': 7, 'wonHome': 16, 'lostHome': 4, 'tiedHome': 0, 'otlHome': 3, 'wonAway': 11, 'lostAway': 10, 'tiedAway': 0, 'otlAway': 4, 'wonDiv': 6, 'lostDiv': 1, 'tiedDiv': 0, 'otlDiv': 1, 'wonConf': 15, 'lostConf': 4, 'tiedConf': 0, 'otlConf': 5, 'lastTen': [1, 0, 0, 1, 1, 1, 1, 1, 'OTL', 0], 'streak': 1, 'playoffRoundsWon': -1, 'hype': 0.3689135861919218, 'pop': 1.7, 'stadiumCapacity': 17500, 'revenues': {'luxuryTaxShare': {'amount': 0, 'rank': 1}, 'merch': {'amount': 3030.9544083230967, 'rank': 26}, 'sponsor': {'amount': 10103.181361076988, 'rank': 26}, 'ticket': {'amount': 33206.017600000014, 'rank': 21}, 'nationalTv': {'amount': 16000.000000000011, 'rank': 1}, 'localTv': {'amount': 10103.181361076988, 'rank': 26}}, 'expenses': {'salary': {'amount': 41006.09756097562, 'rank': 10}, 'luxuryTax': {'amount': 0, 'rank': 1}, 'minTax': {'amount': 0, 'rank': 1}, 'scouting': {'amount': 7867.317073170735, 'rank': 26}, 'coaching': {'amount': 7867.317073170735, 'rank': 26}, 'health': {'amount': 7867.317073170735, 'rank': 26}, 'facilities': {'amount': 7867.317073170735, 'rank': 26}}, 'payrollEndOfSeason': -1, 'ownerMood': {'wins': 0, 'playoffs': 0, 'money': 0}, 'numPlayersTradedAway': 1.0629733560569967, 'rid': 21}]","[{'playoffs': False, 'season': 2021, 'tid': 21, 'so': 3, 'oppQs': 0, 'oppRbs': 0, 'oppSo': 6, 'gp': 48, 'min': 18061.962128665655, 'pts': 113, 'pim': 363, 'evG': 67, 'ppG': 45, 'shG': 1, 'evA': 114, 'ppA': 85, 'shA': 2, 's': 1401, 'tsa': 2076, 'fow': 853, 'fol': 910, 'blk': 586, 'hit': 803, 'tk': 278, 'gv': 539, 'sv': 1506, 'ppo': 194, 'oppPts': 103, 'oppPim': 413, 'oppEvG': 73, 'oppPpG': 29, 'oppShG': 1, 'oppEvA': 132, 'oppPpA': 55, 'oppShA': 2, 'oppS': 1609, 'oppTsa': 2437, 'oppFow': 910, 'oppFol': 853, 'oppBlk': 503, 'oppHit': 1105, 'oppTk': 340, 'oppGv': 429, 'oppSv': 1288, 'oppPpo': 173, 'rid': 27}]"
22,1,3,Portland,Roses,POR,/img/logos/POR.png,"{'ticketPrice': {'amount': 38.73, 'rank': 24}, 'scouting': {'amount': 14090, 'rank': 24}, 'coaching': {'amount': 14090, 'rank': 24}, 'health': {'amount': 14090, 'rank': 24}, 'facilities': {'amount': 14090, 'rank': 24}}",contending,"{'F': [304, 236, 293, 401, 360, 367, 627, 435, 75, 760, 672, 229, 570, 615, 29, 149, 203, 16, 175, 223, 511, 896, 85, 477], 'D': [29, 16, 203, 175, 149, 223, 236, 360, 293, 367, 304, 401, 435, 627, 75, 570, 229, 672, 615, 760, 511, 896, 85, 477], 'G': [511, 477, 896, 85, 304, 203, 149, 229, 627, 570, 401, 360, 75, 760, 672, 615, 435, 367, 293, 236, 223, 175, 29, 16]}","['#e41d34', '#1e1e1e', '#e7a9cc']",hockey,2,17500,[],True,False,True,"[{'tid': 22, 'cid': 1, 'did': 3, 'region': 'Portland', 'name': 'Roses', 'abbrev': 'POR', 'imgURL': '/img/logos/POR.png', 'colors': ['#e41d34', '#1e1e1e', '#e7a9cc'], 'jersey': 'hockey', 'season': 2021, 'gp': 46, 'gpHome': 24, 'att': 420000, 'cash': 13295.122713953142, 'won': 25, 'lost': 16, 'tied': 0, 'otl': 5, 'wonHome': 15, 'lostHome': 7, 'tiedHome': 0, 'otlHome': 2, 'wonAway': 10, 'lostAway': 9, 'tiedAway': 0, 'otlAway': 3, 'wonDiv': 7, 'lostDiv': 3, 'tiedDiv': 0, 'otlDiv': 0, 'wonConf': 12, 'lostConf': 10, 'tiedConf': 0, 'otlConf': 2, 'lastTen': [1, 1, 1, 0, 0, 1, 0, 0, 1, 1], 'streak': 3, 'playoffRoundsWon': -1, 'hype': 0.4675112435882491, 'pop': 2, 'stadiumCapacity': 17500, 'revenues': {'luxuryTaxShare': {'amount': 0, 'rank': 1}, 'merch': {'amount': 3105.969947800888, 'rank': 24}, 'sponsor': {'amount': 10353.23315933629, 'rank': 24}, 'ticket': {'amount': 32495.938480000015, 'rank': 24}, 'nationalTv': {'amount': 15333.333333333343, 'rank': 24}, 'localTv': {'amount': 10353.23315933629, 'rank': 24}}, 'expenses': {'salary': {'amount': 36730.00000000002, 'rank': 15}, 'luxuryTax': {'amount': 0, 'rank': 1}, 'minTax': {'amount': 0, 'rank': 1}, 'scouting': {'amount': 7904.146341463419, 'rank': 25}, 'coaching': {'amount': 7904.146341463419, 'rank': 25}, 'health': {'amount': 7904.146341463419, 'rank': 25}, 'facilities': {'amount': 7904.146341463419, 'rank': 25}}, 'payrollEndOfSeason': -1, 'ownerMood': {'wins': 0, 'playoffs': 0, 'money': 0}, 'numPlayersTradedAway': 1.1930821794033624, 'rid': 22}]","[{'playoffs': False, 'season': 2021, 'tid': 22, 'so': 5, 'oppQs': 0, 'oppRbs': 0, 'oppSo': 5, 'gp': 46, 'min': 16986.697151627945, 'pts': 137, 'pim': 339, 'evG': 90, 'ppG': 45, 'shG': 2, 'evA': 159, 'ppA': 84, 'shA': 4, 's': 1580, 'tsa': 2242, 'fow': 903, 'fol': 863, 'blk': 505, 'hit': 875, 'tk': 315, 'gv': 404, 'sv': 1234, 'ppo': 189, 'oppPts': 114, 'oppPim': 388, 'oppEvG': 76, 'oppPpG': 37, 'oppShG': 1, 'oppEvA': 135, 'oppPpA': 61, 'oppShA': 2, 'oppS': 1348, 'oppTsa': 2055, 'oppFow': 863, 'oppFol': 903, 'oppBlk': 542, 'oppHit': 880, 'oppTk': 282, 'oppGv': 445, 'oppSv': 1443, 'oppPpo': 159, 'rid': 10}]"
23,1,3,Sacramento,Gold Rush,SAC,/img/logos/SAC.png,"{'ticketPrice': {'amount': 38.02, 'rank': 25}, 'scouting': {'amount': 13830, 'rank': 25}, 'coaching': {'amount': 13830, 'rank': 25}, 'health': {'amount': 13830, 'rank': 25}, 'facilities': {'amount': 13830, 'rank': 25}}",contending,"{'F': [408, 278, 351, 392, 447, 658, 545, 729, 504, 410, 214, 710, 165, 186, 572, 644, 682, 430, 607, 466, 110, 529, 333, 237, 120], 'D': [682, 466, 430, 572, 607, 110, 278, 529, 644, 658, 351, 408, 545, 504, 447, 410, 710, 392, 214, 729, 186, 165, 333, 237, 120], 'G': [237, 333, 120, 214, 682, 408, 278, 572, 729, 710, 658, 607, 504, 430, 186, 165, 644, 545, 529, 466, 447, 410, 392, 351, 110]}","['#735823', '#e4c649', '#f8e19f']",hockey,1.8,17500,[],True,False,True,"[{'tid': 23, 'cid': 1, 'did': 3, 'region': 'Sacramento', 'name': 'Gold Rush', 'abbrev': 'SAC', 'imgURL': '/img/logos/SAC.png', 'colors': ['#735823', '#e4c649', '#f8e19f'], 'jersey': 'hockey', 'season': 2021, 'gp': 47, 'gpHome': 22, 'att': 385000, 'cash': 24522.84604667457, 'won': 14, 'lost': 30, 'tied': 0, 'otl': 3, 'wonHome': 8, 'lostHome': 12, 'tiedHome': 0, 'otlHome': 2, 'wonAway': 6, 'lostAway': 18, 'tiedAway': 0, 'otlAway': 1, 'wonDiv': 2, 'lostDiv': 8, 'tiedDiv': 0, 'otlDiv': 0, 'wonConf': 6, 'lostConf': 18, 'tiedConf': 0, 'otlConf': 2, 'lastTen': [0, 1, 0, 1, 0, 0, 1, 1, 1, 1], 'streak': -1, 'playoffRoundsWon': -1, 'hype': 0.5006015904182338, 'pop': 1.8, 'stadiumCapacity': 17500, 'revenues': {'luxuryTaxShare': {'amount': 0, 'rank': 1}, 'merch': {'amount': 3464.316907477171, 'rank': 20}, 'sponsor': {'amount': 11547.723024923902, 'rank': 20}, 'ticket': {'amount': 33557.14812999998, 'rank': 19}, 'nationalTv': {'amount': 15666.666666666677, 'rank': 8}, 'localTv': {'amount': 11547.723024923902, 'rank': 20}}, 'expenses': {'salary': {'amount': 29552.9268292683, 'rank': 24}, 'luxuryTax': {'amount': 0, 'rank': 1}, 'minTax': {'amount': 0, 'rank': 1}, 'scouting': {'amount': 7926.951219512201, 'rank': 24}, 'coaching': {'amount': 7926.951219512201, 'rank': 24}, 'health': {'amount': 7926.951219512201, 'rank': 24}, 'facilities': {'amount': 7926.951219512201, 'rank': 24}}, 'payrollEndOfSeason': -1, 'ownerMood': {'wins': 0, 'playoffs': 0, 'money': 0}, 'numPlayersTradedAway': 1.8115146747020596, 'rid': 23}]","[{'playoffs': False, 'season': 2021, 'tid': 23, 'so': 1, 'oppQs': 0, 'oppRbs': 0, 'oppSo': 8, 'gp': 47, 'min': 16747.454994449, 'pts': 103, 'pim': 360, 'evG': 58, 'ppG': 45, 'shG': 0, 'evA': 102, 'ppA': 77, 'shA': 0, 's': 1261, 'tsa': 1901, 'fow': 851, 'fol': 807, 'blk': 519, 'hit': 755, 'tk': 325, 'gv': 573, 'sv': 1380, 'ppo': 192, 'oppPts': 156, 'oppPim': 409, 'oppEvG': 104, 'oppPpG': 52, 'oppShG': 0, 'oppEvA': 182, 'oppPpA': 97, 'oppShA': 0, 'oppS': 1536, 'oppTsa': 2278, 'oppFow': 807, 'oppFol': 851, 'oppBlk': 488, 'oppHit': 937, 'oppTk': 320, 'oppGv': 372, 'oppSv': 1158, 'oppPpo': 166, 'rid': 1}]"
24,1,3,San Diego,Pandas,SD,/img/logos/SD.png,"{'ticketPrice': {'amount': 47.34, 'rank': 12}, 'scouting': {'amount': 17180, 'rank': 12}, 'coaching': {'amount': 17180, 'rank': 12}, 'health': {'amount': 17180, 'rank': 12}, 'facilities': {'amount': 17180, 'rank': 12}}",contending,"{'F': [331, 307, 38, 297, 129, 438, 494, 640, 686, 66, 397, 647, 507, 84, 7, 487, 375, 221, 752, 99, 247, 602, 566], 'D': [7, 487, 375, 752, 99, 221, 307, 331, 38, 129, 438, 494, 397, 647, 640, 507, 297, 686, 66, 84, 247, 602, 566], 'G': [247, 566, 602, 221, 487, 129, 66, 397, 331, 297, 686, 494, 438, 375, 307, 640, 99, 38, 7, 752, 647, 507, 84]}","['#231f20', '#f9f9f9', '#b2b3b3']",hockey,4.7,17500,[],True,False,True,"[{'tid': 24, 'cid': 1, 'did': 3, 'region': 'San Diego', 'name': 'Pandas', 'abbrev': 'SD', 'imgURL': '/img/logos/SD.png', 'colors': ['#231f20', '#f9f9f9', '#b2b3b3'], 'jersey': 'hockey', 'season': 2021, 'gp': 47, 'gpHome': 25, 'att': 332572, 'cash': -4600.939637833271, 'won': 20, 'lost': 24, 'tied': 0, 'otl': 3, 'wonHome': 11, 'lostHome': 12, 'tiedHome': 0, 'otlHome': 2, 'wonAway': 9, 'lostAway': 12, 'tiedAway': 0, 'otlAway': 1, 'wonDiv': 6, 'lostDiv': 7, 'tiedDiv': 0, 'otlDiv': 0, 'wonConf': 10, 'lostConf': 15, 'tiedConf': 0, 'otlConf': 1, 'lastTen': [1, 1, 0, 1, 0, 1, 0, 0, 0, 1], 'streak': 2, 'playoffRoundsWon': -1, 'hype': 0, 'pop': 4.7, 'stadiumCapacity': 17500, 'revenues': {'luxuryTaxShare': {'amount': 0, 'rank': 1}, 'merch': {'amount': 3019.847299741788, 'rank': 27}, 'sponsor': {'amount': 10066.157665805958, 'rank': 27}, 'ticket': {'amount': 31826.816430000006, 'rank': 27}, 'nationalTv': {'amount': 15666.666666666677, 'rank': 8}, 'localTv': {'amount': 10066.157665805958, 'rank': 27}}, 'expenses': {'salary': {'amount': 45858.292682926854, 'rank': 2}, 'luxuryTax': {'amount': 0, 'rank': 1}, 'minTax': {'amount': 0, 'rank': 1}, 'scouting': {'amount': 9847.073170731719, 'rank': 11}, 'coaching': {'amount': 9847.073170731719, 'rank': 11}, 'health': {'amount': 9847.073170731719, 'rank': 11}, 'facilities': {'amount': 9847.073170731719, 'rank': 11}}, 'payrollEndOfSeason': -1, 'ownerMood': {'wins': 0, 'playoffs': 0, 'money': 0}, 'numPlayersTradedAway': 1.3560139846808874, 'rid': 24}]","[{'playoffs': False, 'season': 2021, 'tid': 24, 'so': 8, 'oppQs': 0, 'oppRbs': 0, 'oppSo': 2, 'gp': 47, 'min': 16801.130809670758, 'pts': 135, 'pim': 341, 'evG': 88, 'ppG': 47, 'shG': 0, 'evA': 152, 'ppA': 87, 'shA': 0, 's': 1372, 'tsa': 2037, 'fow': 852, 'fol': 829, 'blk': 509, 'hit': 837, 'tk': 330, 'gv': 479, 'sv': 1335, 'ppo': 182, 'oppPts': 127, 'oppPim': 389, 'oppEvG': 77, 'oppPpG': 49, 'oppShG': 1, 'oppEvA': 132, 'oppPpA': 88, 'oppShA': 2, 'oppS': 1462, 'oppTsa': 2169, 'oppFow': 829, 'oppFol': 852, 'oppBlk': 489, 'oppHit': 892, 'oppTk': 341, 'oppGv': 437, 'oppSv': 1237, 'oppPpo': 165, 'rid': 6}]"
25,1,3,Seattle,Symphony,SEA,/img/logos/SEA.png,"{'ticketPrice': {'amount': 45.19, 'rank': 15}, 'scouting': {'amount': 16410, 'rank': 15}, 'coaching': {'amount': 16410, 'rank': 15}, 'health': {'amount': 16410, 'rank': 15}, 'facilities': {'amount': 16410, 'rank': 15}}",rebuilding,"{'F': [471, 346, 723, 584, 725, 675, 314, 649, 446, 57, 535, 222, 663, 385, 396, 705, 646, 274, 582, 156, 180, 491, 257, 612], 'D': [385, 274, 582, 156, 396, 180, 646, 346, 471, 222, 723, 535, 725, 649, 675, 446, 705, 57, 314, 663, 584, 491, 612, 257], 'G': [491, 257, 612, 222, 725, 396, 180, 57, 649, 582, 471, 723, 705, 675, 663, 646, 584, 535, 446, 385, 346, 314, 274, 156]}","['#47ff47', '#222222', '#8f8f8f']",hockey,3.8,17500,[],True,False,True,"[{'tid': 25, 'cid': 1, 'did': 3, 'region': 'Seattle', 'name': 'Symphony', 'abbrev': 'SEA', 'imgURL': '/img/logos/SEA.png', 'colors': ['#47ff47', '#222222', '#8f8f8f'], 'jersey': 'hockey', 'season': 2021, 'gp': 46, 'gpHome': 20, 'att': 350000, 'cash': 44737.34389717526, 'won': 20, 'lost': 22, 'tied': 0, 'otl': 4, 'wonHome': 10, 'lostHome': 8, 'tiedHome': 0, 'otlHome': 2, 'wonAway': 10, 'lostAway': 14, 'tiedAway': 0, 'otlAway': 2, 'wonDiv': 5, 'lostDiv': 5, 'tiedDiv': 0, 'otlDiv': 1, 'wonConf': 10, 'lostConf': 11, 'tiedConf': 0, 'otlConf': 2, 'lastTen': [0, 1, 0, 0, 0, 0, 1, 0, 1, 1], 'streak': -1, 'playoffRoundsWon': -1, 'hype': 0.7835405187509135, 'pop': 3.8, 'stadiumCapacity': 17500, 'revenues': {'luxuryTaxShare': {'amount': 0, 'rank': 1}, 'merch': {'amount': 4837.608210182989, 'rank': 7}, 'sponsor': {'amount': 16125.360700609965, 'rank': 7}, 'ticket': {'amount': 34865.43705000001, 'rank': 14}, 'nationalTv': {'amount': 15333.333333333343, 'rank': 24}, 'localTv': {'amount': 16125.360700609965, 'rank': 7}}, 'expenses': {'salary': {'amount': 15727.317073170738, 'rank': 32}, 'luxuryTax': {'amount': 0, 'rank': 1}, 'minTax': {'amount': 0, 'rank': 1}, 'scouting': {'amount': 9205.609756097561, 'rank': 15}, 'coaching': {'amount': 9205.609756097561, 'rank': 15}, 'health': {'amount': 9205.609756097561, 'rank': 15}, 'facilities': {'amount': 9205.609756097561, 'rank': 15}}, 'payrollEndOfSeason': -1, 'ownerMood': {'wins': 0, 'playoffs': 0, 'money': 0}, 'numPlayersTradedAway': 3.2383033759724196, 'rid': 25}]","[{'playoffs': False, 'season': 2021, 'tid': 25, 'so': 4, 'oppQs': 0, 'oppRbs': 0, 'oppSo': 6, 'gp': 46, 'min': 16597.93006340013, 'pts': 115, 'pim': 333, 'evG': 81, 'ppG': 34, 'shG': 0, 'evA': 143, 'ppA': 63, 'shA': 0, 's': 1249, 'tsa': 1952, 'fow': 798, 'fol': 826, 'blk': 556, 'hit': 842, 'tk': 290, 'gv': 487, 'sv': 1329, 'ppo': 166, 'oppPts': 141, 'oppPim': 360, 'oppEvG': 102, 'oppPpG': 38, 'oppShG': 1, 'oppEvA': 182, 'oppPpA': 64, 'oppShA': 1, 'oppS': 1470, 'oppTsa': 2230, 'oppFow': 826, 'oppFol': 798, 'oppBlk': 501, 'oppHit': 978, 'oppTk': 338, 'oppGv': 409, 'oppSv': 1134, 'oppPpo': 155, 'rid': 18}]"
26,1,3,San Francisco,Venture Capitalists,SF,/img/logos/SF.png,"{'ticketPrice': {'amount': 50.2, 'rank': 8}, 'scouting': {'amount': 18220, 'rank': 8}, 'coaching': {'amount': 18220, 'rank': 8}, 'health': {'amount': 18220, 'rank': 8}, 'facilities': {'amount': 18220, 'rank': 8}}",contending,"{'F': [691, 354, 407, 286, 298, 197, 126, 524, 550, 143, 94, 485, 170, 74, 590, 520, 618, 136, 362, 756, 754, 76, 265, 452, 24], 'D': [362, 590, 74, 754, 520, 756, 76, 354, 136, 197, 407, 298, 524, 691, 550, 618, 485, 94, 126, 143, 286, 170, 452, 265, 24], 'G': [265, 452, 24, 618, 74, 170, 524, 354, 754, 691, 520, 362, 298, 143, 76, 756, 590, 550, 485, 407, 286, 197, 136, 126, 94]}","['#0e442e', '#d75f27', '#e7d3ae']",hockey,6.5,17500,[],True,False,True,"[{'tid': 26, 'cid': 1, 'did': 3, 'region': 'San Francisco', 'name': 'Venture Capitalists', 'abbrev': 'SF', 'imgURL': '/img/logos/SF.png', 'colors': ['#0e442e', '#d75f27', '#e7d3ae'], 'jersey': 'hockey', 'season': 2021, 'gp': 47, 'gpHome': 24, 'att': 420000, 'cash': 35296.92579100383, 'won': 23, 'lost': 16, 'tied': 0, 'otl': 8, 'wonHome': 11, 'lostHome': 12, 'tiedHome': 0, 'otlHome': 1, 'wonAway': 12, 'lostAway': 4, 'tiedAway': 0, 'otlAway': 7, 'wonDiv': 5, 'lostDiv': 4, 'tiedDiv': 0, 'otlDiv': 0, 'wonConf': 14, 'lostConf': 6, 'tiedConf': 0, 'otlConf': 2, 'lastTen': [1, 1, 'OTL', 0, 0, 0, 1, 0, 'OTL', 0], 'streak': 2, 'playoffRoundsWon': -1, 'hype': 0.7164331883525304, 'pop': 6.5, 'stadiumCapacity': 17500, 'revenues': {'luxuryTaxShare': {'amount': 0, 'rank': 1}, 'merch': {'amount': 6071.714088139817, 'rank': 5}, 'sponsor': {'amount': 19521.962102560563, 'rank': 3}, 'ticket': {'amount': 37270.2189, 'rank': 10}, 'nationalTv': {'amount': 15666.666666666677, 'rank': 8}, 'localTv': {'amount': 20239.04696046606, 'rank': 5}}, 'expenses': {'salary': {'amount': 31699.999999999975, 'rank': 20}, 'luxuryTax': {'amount': 0, 'rank': 1}, 'minTax': {'amount': 0, 'rank': 1}, 'scouting': {'amount': 10443.17073170731, 'rank': 7}, 'coaching': {'amount': 10443.17073170731, 'rank': 7}, 'health': {'amount': 10443.17073170731, 'rank': 7}, 'facilities': {'amount': 10443.17073170731, 'rank': 7}}, 'payrollEndOfSeason': -1, 'ownerMood': {'wins': 0, 'playoffs': 0, 'money': 0}, 'numPlayersTradedAway': 1.5726095778691662, 'rid': 26}]","[{'playoffs': False, 'season': 2021, 'tid': 26, 'so': 4, 'oppQs': 0, 'oppRbs': 0, 'oppSo': 3, 'gp': 47, 'min': 17648.748442365006, 'pts': 109, 'pim': 368, 'evG': 69, 'ppG': 40, 'shG': 0, 'evA': 121, 'ppA': 71, 'shA': 0, 's': 1396, 'tsa': 2158, 'fow': 842, 'fol': 878, 'blk': 522, 'hit': 1003, 'tk': 312, 'gv': 450, 'sv': 1432, 'ppo': 172, 'oppPts': 126, 'oppPim': 357, 'oppEvG': 82, 'oppPpG': 44, 'oppShG': 0, 'oppEvA': 147, 'oppPpA': 76, 'oppShA': 0, 'oppS': 1558, 'oppTsa': 2260, 'oppFow': 878, 'oppFol': 842, 'oppBlk': 531, 'oppHit': 871, 'oppTk': 351, 'oppGv': 467, 'oppSv': 1287, 'oppPpo': 179, 'rid': 2}]"
27,1,2,St. Louis,Spirits,STL,/img/logos/STL.png,"{'ticketPrice': {'amount': 40.17, 'rank': 22}, 'scouting': {'amount': 14600, 'rank': 22}, 'coaching': {'amount': 14600, 'rank': 22}, 'health': {'amount': 14600, 'rank': 22}, 'facilities': {'amount': 14600, 'rank': 22}}",rebuilding,"{'F': [356, 288, 323, 364, 139, 198, 78, 623, 160, 195, 484, 166, 225, 394, 669, 241, 384, 523, 444, 761, 603, 336, 497, 109, 581], 'D': [241, 384, 669, 523, 394, 761, 603, 444, 323, 288, 139, 623, 160, 198, 484, 166, 195, 364, 78, 356, 225, 336, 109, 581, 497], 'G': [336, 497, 109, 581, 523, 484, 444, 394, 288, 139, 384, 198, 166, 78, 761, 669, 623, 603, 364, 356, 323, 241, 225, 195, 160]}","['#133cd1', '#c0c1c2', '#3a3a3a']",hockey,2.2,17500,[],True,False,True,"[{'tid': 27, 'cid': 1, 'did': 2, 'region': 'St. Louis', 'name': 'Spirits', 'abbrev': 'STL', 'imgURL': '/img/logos/STL.png', 'colors': ['#133cd1', '#c0c1c2', '#3a3a3a'], 'jersey': 'hockey', 'season': 2021, 'gp': 47, 'gpHome': 22, 'att': 385000, 'cash': 17576.119161568837, 'won': 24, 'lost': 19, 'tied': 0, 'otl': 4, 'wonHome': 15, 'lostHome': 5, 'tiedHome': 0, 'otlHome': 2, 'wonAway': 9, 'lostAway': 14, 'tiedAway': 0, 'otlAway': 2, 'wonDiv': 6, 'lostDiv': 3, 'tiedDiv': 0, 'otlDiv': 0, 'wonConf': 12, 'lostConf': 8, 'tiedConf': 0, 'otlConf': 1, 'lastTen': [1, 1, 0, 0, 0, 0, 0, 0, 1, 0], 'streak': 2, 'playoffRoundsWon': -1, 'hype': 0.5386401089883064, 'pop': 2.2, 'stadiumCapacity': 17500, 'revenues': {'luxuryTaxShare': {'amount': 0, 'rank': 1}, 'merch': {'amount': 3245.715806249168, 'rank': 22}, 'sponsor': {'amount': 10819.052687497227, 'rank': 22}, 'ticket': {'amount': 33995.26545999997, 'rank': 18}, 'nationalTv': {'amount': 15666.666666666677, 'rank': 8}, 'localTv': {'amount': 10819.052687497227, 'rank': 22}}, 'expenses': {'salary': {'amount': 33496.46341463418, 'rank': 18}, 'luxuryTax': {'amount': 0, 'rank': 1}, 'minTax': {'amount': 0, 'rank': 1}, 'scouting': {'amount': 8368.292682926829, 'rank': 22}, 'coaching': {'amount': 8368.292682926829, 'rank': 22}, 'health': {'amount': 8368.292682926829, 'rank': 22}, 'facilities': {'amount': 8368.292682926829, 'rank': 22}}, 'payrollEndOfSeason': -1, 'ownerMood': {'wins': 0, 'playoffs': 0, 'money': 0}, 'numPlayersTradedAway': 1.8553319895317513, 'rid': 27}]","[{'playoffs': False, 'season': 2021, 'tid': 27, 'so': 4, 'oppQs': 0, 'oppRbs': 0, 'oppSo': 2, 'gp': 47, 'min': 17264.99948124102, 'pts': 141, 'pim': 374, 'evG': 103, 'ppG': 37, 'shG': 1, 'evA': 182, 'ppA': 68, 'shA': 1, 's': 1581, 'tsa': 2346, 'fow': 905, 'fol': 826, 'blk': 497, 'hit': 999, 'tk': 329, 'gv': 411, 'sv': 1149, 'ppo': 159, 'oppPts': 129, 'oppPim': 334, 'oppEvG': 81, 'oppPpG': 47, 'oppShG': 1, 'oppEvA': 143, 'oppPpA': 85, 'oppShA': 2, 'oppS': 1278, 'oppTsa': 1926, 'oppFow': 826, 'oppFol': 905, 'oppBlk': 551, 'oppHit': 826, 'oppTk': 315, 'oppGv': 547, 'oppSv': 1440, 'oppPpo': 178, 'rid': 16}]"
28,0,0,Toronto,Beavers,TOR,/img/logos/TOR.png,"{'ticketPrice': {'amount': 51.28, 'rank': 6.5}, 'scouting': {'amount': 18600, 'rank': 6.5}, 'coaching': {'amount': 18600, 'rank': 6.5}, 'health': {'amount': 18600, 'rank': 6.5}, 'facilities': {'amount': 18600, 'rank': 6.5}}",contending,"{'F': [49, 249, 294, 412, 4, 194, 161, 6, 518, 61, 376, 609, 207, 833, 300, 536, 355, 428, 53, 210, 119, 1, 555, 463], 'D': [355, 428, 300, 833, 53, 536, 249, 210, 119, 194, 4, 294, 518, 376, 6, 609, 49, 412, 207, 61, 161, 1, 555, 463], 'G': [1, 555, 463, 210, 194, 61, 4, 428, 355, 833, 536, 294, 6, 609, 518, 412, 376, 300, 249, 207, 161, 119, 53, 49]}","['#832525', '#a17266', '#5e372c']",hockey,6.6,17500,[],True,False,True,"[{'tid': 28, 'cid': 0, 'did': 0, 'region': 'Toronto', 'name': 'Beavers', 'abbrev': 'TOR', 'imgURL': '/img/logos/TOR.png', 'colors': ['#832525', '#a17266', '#5e372c'], 'jersey': 'hockey', 'season': 2021, 'gp': 46, 'gpHome': 22, 'att': 385000, 'cash': 31069.342354348, 'won': 31, 'lost': 13, 'tied': 0, 'otl': 2, 'wonHome': 13, 'lostHome': 8, 'tiedHome': 0, 'otlHome': 1, 'wonAway': 18, 'lostAway': 5, 'tiedAway': 0, 'otlAway': 1, 'wonDiv': 7, 'lostDiv': 3, 'tiedDiv': 0, 'otlDiv': 1, 'wonConf': 15, 'lostConf': 6, 'tiedConf': 0, 'otlConf': 2, 'lastTen': [1, 1, 1, 1, 'OTL', 0, 0, 1, 0, 1], 'streak': 4, 'playoffRoundsWon': -1, 'hype': 1, 'pop': 6.6, 'stadiumCapacity': 17500, 'revenues': {'luxuryTaxShare': {'amount': 0, 'rank': 1}, 'merch': {'amount': 7105.227999999999, 'rank': 4}, 'sponsor': {'amount': 18550.760000000002, 'rank': 6}, 'ticket': {'amount': 37985.462960000004, 'rank': 7}, 'nationalTv': {'amount': 15333.333333333343, 'rank': 24}, 'localTv': {'amount': 28660.411719551244, 'rank': 3}}, 'expenses': {'salary': {'amount': 44829.26829268291, 'rank': 4}, 'luxuryTax': {'amount': 0, 'rank': 1}, 'minTax': {'amount': 0, 'rank': 1}, 'scouting': {'amount': 10434.14634146341, 'rank': 8}, 'coaching': {'amount': 10434.14634146341, 'rank': 8}, 'health': {'amount': 10434.14634146341, 'rank': 8}, 'facilities': {'amount': 10434.14634146341, 'rank': 8}}, 'payrollEndOfSeason': -1, 'ownerMood': {'wins': 0, 'playoffs': 0, 'money': 0}, 'numPlayersTradedAway': 0, 'rid': 28}]","[{'playoffs': False, 'season': 2021, 'tid': 28, 'so': 4, 'oppQs': 0, 'oppRbs': 0, 'oppSo': 4, 'gp': 46, 'min': 16933.26494769489, 'pts': 143, 'pim': 341, 'evG': 95, 'ppG': 47, 'shG': 1, 'evA': 165, 'ppA': 88, 'shA': 2, 's': 1557, 'tsa': 2263, 'fow': 859, 'fol': 842, 'blk': 489, 'hit': 979, 'tk': 355, 'gv': 383, 'sv': 1254, 'ppo': 170, 'oppPts': 101, 'oppPim': 346, 'oppEvG': 71, 'oppPpG': 30, 'oppShG': 0, 'oppEvA': 126, 'oppPpA': 57, 'oppShA': 0, 'oppS': 1355, 'oppTsa': 1995, 'oppFow': 842, 'oppFol': 859, 'oppBlk': 552, 'oppHit': 861, 'oppTk': 286, 'oppGv': 464, 'oppSv': 1414, 'oppPpo': 164, 'rid': 0}]"
29,0,0,Tampa,Turtles,TPA,/img/logos/TPA.png,"{'ticketPrice': {'amount': 42.32, 'rank': 19}, 'scouting': {'amount': 15380, 'rank': 19}, 'coaching': {'amount': 15380, 'rank': 19}, 'health': {'amount': 15380, 'rank': 19}, 'facilities': {'amount': 15380, 'rank': 19}}",contending,"{'F': [381, 255, 315, 685, 699, 661, 415, 589, 701, 443, 47, 561, 46, 679, 580, 334, 269, 30, 483, 154, 521, 204, 153, 919, 33], 'D': [334, 269, 30, 154, 521, 483, 255, 204, 153, 661, 561, 315, 701, 589, 699, 47, 685, 679, 443, 580, 381, 415, 46, 33, 919], 'G': [33, 919, 443, 269, 46, 685, 415, 334, 255, 47, 701, 699, 679, 580, 661, 589, 561, 521, 483, 381, 315, 204, 154, 153, 30]}","['#023a02', '#17cc21', '#eb851e']",hockey,2.7,17500,[],True,False,True,"[{'tid': 29, 'cid': 0, 'did': 0, 'region': 'Tampa', 'name': 'Turtles', 'abbrev': 'TPA', 'imgURL': '/img/logos/TPA.png', 'colors': ['#023a02', '#17cc21', '#eb851e'], 'jersey': 'hockey', 'season': 2021, 'gp': 46, 'gpHome': 24, 'att': 420000, 'cash': 17128.479295049056, 'won': 26, 'lost': 17, 'tied': 0, 'otl': 3, 'wonHome': 16, 'lostHome': 7, 'tiedHome': 0, 'otlHome': 1, 'wonAway': 10, 'lostAway': 10, 'tiedAway': 0, 'otlAway': 2, 'wonDiv': 2, 'lostDiv': 4, 'tiedDiv': 0, 'otlDiv': 0, 'wonConf': 11, 'lostConf': 9, 'tiedConf': 0, 'otlConf': 1, 'lastTen': [1, 1, 1, 1, 0, 0, 0, 0, 1, 1], 'streak': 4, 'playoffRoundsWon': -1, 'hype': 0.8771092006151455, 'pop': 2.7, 'stadiumCapacity': 17500, 'revenues': {'luxuryTaxShare': {'amount': 0, 'rank': 1}, 'merch': {'amount': 4505.937500266208, 'rank': 9}, 'sponsor': {'amount': 15019.791667554025, 'rank': 9}, 'ticket': {'amount': 34814.99097999998, 'rank': 15}, 'nationalTv': {'amount': 15333.333333333343, 'rank': 24}, 'localTv': {'amount': 15019.791667554025, 'rank': 9}}, 'expenses': {'salary': {'amount': 43054.1463414634, 'rank': 9}, 'luxuryTax': {'amount': 0, 'rank': 1}, 'minTax': {'amount': 0, 'rank': 1}, 'scouting': {'amount': 8627.80487804879, 'rank': 20}, 'coaching': {'amount': 8627.80487804879, 'rank': 20}, 'health': {'amount': 8627.80487804879, 'rank': 20}, 'facilities': {'amount': 8627.80487804879, 'rank': 20}}, 'payrollEndOfSeason': -1, 'ownerMood': {'wins': 0, 'playoffs': 0, 'money': 0}, 'numPlayersTradedAway': 1.9323747863855074, 'rid': 29}]","[{'playoffs': False, 'season': 2021, 'tid': 29, 'so': 5, 'oppQs': 0, 'oppRbs': 0, 'oppSo': 5, 'gp': 46, 'min': 16677.681366344492, 'pts': 118, 'pim': 385, 'evG': 70, 'ppG': 46, 'shG': 2, 'evA': 125, 'ppA': 82, 'shA': 3, 's': 1432, 'tsa': 2132, 'fow': 838, 'fol': 797, 'blk': 504, 'hit': 989, 'tk': 325, 'gv': 413, 'sv': 1220, 'ppo': 174, 'oppPts': 118, 'oppPim': 360, 'oppEvG': 73, 'oppPpG': 44, 'oppShG': 1, 'oppEvA': 129, 'oppPpA': 76, 'oppShA': 2, 'oppS': 1338, 'oppTsa': 1959, 'oppFow': 797, 'oppFol': 838, 'oppBlk': 530, 'oppHit': 859, 'oppTk': 338, 'oppGv': 481, 'oppSv': 1314, 'oppPpo': 183, 'rid': 3}]"
30,1,3,Vancouver,Whalers,VAN,/img/logos/VAN.png,"{'ticketPrice': {'amount': 40.89, 'rank': 21}, 'scouting': {'amount': 14860, 'rank': 21}, 'coaching': {'amount': 14860, 'rank': 21}, 'health': {'amount': 14860, 'rank': 21}, 'facilities': {'amount': 14860, 'rank': 21}}",contending,"{'F': [325, 390, 568, 493, 39, 542, 456, 604, 178, 91, 349, 636, 227, 3, 102, 279, 31, 549, 144, 50, 193, 680, 420, 262, 476], 'D': [3, 102, 279, 549, 31, 193, 50, 144, 39, 542, 568, 390, 604, 178, 349, 636, 325, 227, 493, 456, 91, 420, 262, 680, 476], 'G': [262, 420, 476, 680, 31, 102, 39, 144, 604, 568, 493, 325, 279, 636, 549, 542, 456, 390, 349, 227, 193, 178, 91, 50, 3]}","['#213063', '#1ea194', '#117568']",hockey,2.3,17500,[],True,False,True,"[{'tid': 30, 'cid': 1, 'did': 3, 'region': 'Vancouver', 'name': 'Whalers', 'abbrev': 'VAN', 'imgURL': '/img/logos/VAN.png', 'colors': ['#213063', '#1ea194', '#117568'], 'jersey': 'hockey', 'season': 2021, 'gp': 47, 'gpHome': 24, 'att': 420000, 'cash': 23136.046748152745, 'won': 25, 'lost': 21, 'tied': 0, 'otl': 1, 'wonHome': 10, 'lostHome': 14, 'tiedHome': 0, 'otlHome': 0, 'wonAway': 15, 'lostAway': 7, 'tiedAway': 0, 'otlAway': 1, 'wonDiv': 6, 'lostDiv': 5, 'tiedDiv': 0, 'otlDiv': 0, 'wonConf': 10, 'lostConf': 10, 'tiedConf': 0, 'otlConf': 0, 'lastTen': ['OTL', 1, 0, 1, 0, 1, 1, 1, 0, 0], 'streak': -1, 'playoffRoundsWon': -1, 'hype': 0.6919367035984993, 'pop': 2.3, 'stadiumCapacity': 17500, 'revenues': {'luxuryTaxShare': {'amount': 0, 'rank': 1}, 'merch': {'amount': 3809.965501307307, 'rank': 16}, 'sponsor': {'amount': 12699.885004357693, 'rank': 16}, 'ticket': {'amount': 34360.49823000001, 'rank': 17}, 'nationalTv': {'amount': 15666.666666666677, 'rank': 8}, 'localTv': {'amount': 12699.885004357693, 'rank': 16}}, 'expenses': {'salary': {'amount': 32031.58536585367, 'rank': 19}, 'luxuryTax': {'amount': 0, 'rank': 1}, 'minTax': {'amount': 0, 'rank': 1}, 'scouting': {'amount': 8517.317073170727, 'rank': 21}, 'coaching': {'amount': 8517.317073170727, 'rank': 21}, 'health': {'amount': 8517.317073170727, 'rank': 21}, 'facilities': {'amount': 8517.317073170727, 'rank': 21}}, 'payrollEndOfSeason': -1, 'ownerMood': {'wins': 0, 'playoffs': 0, 'money': 0}, 'numPlayersTradedAway': 0, 'rid': 30}]","[{'playoffs': False, 'season': 2021, 'tid': 30, 'so': 7, 'oppQs': 0, 'oppRbs': 0, 'oppSo': 4, 'gp': 47, 'min': 17076.55907300172, 'pts': 125, 'pim': 411, 'evG': 92, 'ppG': 32, 'shG': 1, 'evA': 165, 'ppA': 57, 'shA': 2, 's': 1469, 'tsa': 2226, 'fow': 822, 'fol': 818, 'blk': 560, 'hit': 1025, 'tk': 327, 'gv': 431, 'sv': 1189, 'ppo': 141, 'oppPts': 107, 'oppPim': 306, 'oppEvG': 67, 'oppPpG': 39, 'oppShG': 1, 'oppEvA': 107, 'oppPpA': 65, 'oppShA': 2, 'oppS': 1296, 'oppTsa': 1985, 'oppFow': 818, 'oppFol': 822, 'oppBlk': 540, 'oppHit': 878, 'oppTk': 312, 'oppGv': 512, 'oppSv': 1344, 'oppPpo': 196, 'rid': 25}]"
31,0,1,Washington,Monuments,WAS,/img/logos/WAS.png,"{'ticketPrice': {'amount': 49.49, 'rank': 9}, 'scouting': {'amount': 17960, 'rank': 9}, 'coaching': {'amount': 17960, 'rank': 9}, 'health': {'amount': 17960, 'rank': 9}, 'facilities': {'amount': 17960, 'rank': 9}}",contending,"{'F': [378, 302, 422, 606, 704, 635, 531, 722, 730, 138, 168, 231, 155, 496, 295, 335, 717, 677, 455, 2, 238, 695, 145, 402], 'D': [295, 335, 155, 455, 677, 496, 422, 302, 704, 635, 531, 730, 231, 138, 168, 722, 717, 606, 378, 2, 402, 695, 238, 145], 'G': [238, 2, 402, 695, 145, 704, 531, 422, 138, 455, 295, 168, 730, 722, 717, 677, 635, 606, 496, 378, 335, 302, 231, 155]}","['#213063', '#c5ae6e', '#f9f9f9']",hockey,6.2,17500,[],True,False,True,"[{'tid': 31, 'cid': 0, 'did': 1, 'region': 'Washington', 'name': 'Monuments', 'abbrev': 'WAS', 'imgURL': '/img/logos/WAS.png', 'colors': ['#213063', '#c5ae6e', '#f9f9f9'], 'jersey': 'hockey', 'season': 2021, 'gp': 47, 'gpHome': 22, 'att': 385000, 'cash': 9249.812399272287, 'won': 29, 'lost': 16, 'tied': 0, 'otl': 2, 'wonHome': 13, 'lostHome': 8, 'tiedHome': 0, 'otlHome': 1, 'wonAway': 16, 'lostAway': 8, 'tiedAway': 0, 'otlAway': 1, 'wonDiv': 2, 'lostDiv': 6, 'tiedDiv': 0, 'otlDiv': 2, 'wonConf': 12, 'lostConf': 10, 'tiedConf': 0, 'otlConf': 2, 'lastTen': [0, 0, 1, 1, 1, 1, 1, 0, 1, 0], 'streak': -2, 'playoffRoundsWon': -1, 'hype': 0.4033643049197282, 'pop': 6.2, 'stadiumCapacity': 17500, 'revenues': {'luxuryTaxShare': {'amount': 0, 'rank': 1}, 'merch': {'amount': 3987.6644497566185, 'rank': 13}, 'sponsor': {'amount': 13292.214832522062, 'rank': 13}, 'ticket': {'amount': 38207.271129999994, 'rank': 6}, 'nationalTv': {'amount': 15666.666666666677, 'rank': 8}, 'localTv': {'amount': 13292.214832522062, 'rank': 13}}, 'expenses': {'salary': {'amount': 44019.63414634141, 'rank': 7}, 'luxuryTax': {'amount': 0, 'rank': 1}, 'minTax': {'amount': 0, 'rank': 1}, 'scouting': {'amount': 10294.146341463424, 'rank': 9}, 'coaching': {'amount': 10294.146341463424, 'rank': 9}, 'health': {'amount': 10294.146341463424, 'rank': 9}, 'facilities': {'amount': 10294.146341463424, 'rank': 9}}, 'payrollEndOfSeason': -1, 'ownerMood': {'wins': 0, 'playoffs': 0, 'money': 0}, 'numPlayersTradedAway': 3.9125445635627454, 'rid': 31}]","[{'playoffs': False, 'season': 2021, 'tid': 31, 'so': 6, 'oppQs': 0, 'oppRbs': 0, 'oppSo': 6, 'gp': 47, 'min': 17349.490825941484, 'pts': 114, 'pim': 374, 'evG': 63, 'ppG': 48, 'shG': 3, 'evA': 110, 'ppA': 86, 'shA': 5, 's': 1305, 'tsa': 2165, 'fow': 757, 'fol': 861, 'blk': 625, 'hit': 969, 'tk': 329, 'gv': 435, 'sv': 1299, 'ppo': 181, 'oppPts': 93, 'oppPim': 371, 'oppEvG': 58, 'oppPpG': 35, 'oppShG': 0, 'oppEvA': 103, 'oppPpA': 63, 'oppShA': 0, 'oppS': 1392, 'oppTsa': 2182, 'oppFow': 861, 'oppFol': 757, 'oppBlk': 600, 'oppHit': 939, 'oppTk': 333, 'oppGv': 479, 'oppSv': 1191, 'oppPpo': 178, 'rid': 13}]"
